id,text,audience,category,category_title,char_len,company,doc_type,entity,keywords,part_index,part_total,source_file,source_format,title
identity:brand:brand-identity,"Chikku Robotics brand identity.
Name: Chikku Robotics
Tagline: Intelligent Robots for a Smarter Future
Chikku Robotics is an AI and robotics company dedicated to building intelligent robots for a smarter future. We make advanced technology approachable and beneficial for society.",customer,brand,Brand,280,Chikku Robotics,identity,Chikku Robotics,brand | tagline | about | who are you,0,1,identity.json,json,Brand identity
identity:leadership:founder-chairman-surender-rangaraju,"Surender Rangaraju — Founder & chairman at Chikku Robotics.
Surender Rangaraju is the Founder & chairman of Chikku Robotics, leading the company's vision to build intelligent robots for a smarter future.",customer,leadership,Leadership,203,Chikku Robotics,identity,Surender Rangaraju,leadership | team | Founder & chairman | Surender Rangaraju | founder_chairman,0,1,identity.json,json,Founder & chairman: Surender Rangaraju
identity:leadership:director-mohan,"Mohan — Director at Chikku Robotics.
Mohan serves as Director at Chikku Robotics, helping drive the company's strategic growth and operational excellence.",customer,leadership,Leadership,154,Chikku Robotics,identity,Mohan,leadership | team | Director | Mohan | director,0,1,identity.json,json,Director: Mohan
identity:name_origin:origin-of-the-name-chikku,"Why the company is called Chikku.
Inspiration: Chikku fruit
My name is inspired by the Chikku fruit, which is loved for its natural sweetness. Just like the fruit, Chikku Robotics focuses on creating human-centered, friendly, and trustworthy robots that easily integrate into your daily life.",customer,name_origin,Name Origin,292,Chikku Robotics,identity,,name | origin | chikku fruit | why chikku,0,1,identity.json,json,Origin of the name Chikku
identity:bot_introduction:bot-self-introduction,"Hello, I am Chikku! I am an intelligent service robot representing Chikku Robotics.
Our company is dedicated to building Intelligent Robots for a Smarter Future. We want to make advanced technology approachable and beneficial for society.",customer,bot_introduction,Bot Introduction,238,Chikku Robotics,identity,,greeting | introduction | hello | who are you,0,1,identity.json,json,Bot self-introduction
company:profile:company-profile,"Company: Chikku Robotics
Tagline: Intelligent Robots for a Smarter Future
Headquarters: India
Global offices: Ho Chi Minh City, Vietnam | Tamil Nadu, India
Mission: To make advanced robotics and AI technology approachable, beneficial, and accessible to businesses and society worldwide.
Vision: A world where intelligent robots work alongside humans seamlessly — enhancing productivity, safety, and quality of life across every industry.",customer,profile,Profile,437,Chikku Robotics,company,Chikku Robotics,company | headquarters | offices | location | mission | vision,0,1,company_overview.json,json,Company profile
company:values:core-value-human-centered-design,"Chikku Robotics core value — Human-Centered Design.
Every robot we build is designed with people in mind — intuitive, safe, and trustworthy.",customer,values,Core Values,140,Chikku Robotics,company,Human-Centered Design,values | culture | Human-Centered Design,0,1,company_overview.json,json,Core value: Human-Centered Design
company:values:core-value-innovation-excellence,"Chikku Robotics core value — Innovation Excellence.
We push the boundaries of what is possible through continuous R&D and breakthrough technologies.",customer,values,Core Values,148,Chikku Robotics,company,Innovation Excellence,values | culture | Innovation Excellence,0,1,company_overview.json,json,Core value: Innovation Excellence
company:values:core-value-collaboration,"Chikku Robotics core value — Collaboration.
We partner with universities, governments, and industry leaders to accelerate the robotics revolution.",customer,values,Core Values,146,Chikku Robotics,company,Collaboration,values | culture | Collaboration,0,1,company_overview.json,json,Core value: Collaboration
company:values:core-value-sustainability,"Chikku Robotics core value — Sustainability.
Our robots are designed for energy efficiency and long-term environmental responsibility.",customer,values,Core Values,134,Chikku Robotics,company,Sustainability,values | culture | Sustainability,0,1,company_overview.json,json,Core value: Sustainability
company:values:core-value-trust-safety,"Chikku Robotics core value — Trust & Safety.
Safety is non-negotiable. All our robots meet international safety standards including ISO 13482 and ISO 10218.",customer,values,Core Values,156,Chikku Robotics,company,Trust & Safety,values | culture | Trust & Safety,0,1,company_overview.json,json,Core value: Trust & Safety
company:name_origin:name-origin-and-brand-story,"Inspiration: Chikku fruit (Manilkara zapota)
Pronunciation: Chik-koo
The Chikku fruit, also known as sapodilla, is beloved across Asia for its natural sweetness and nourishing qualities. Just like the fruit, our robots are designed to be naturally welcoming, trustworthy, and enriching — seamlessly integrating into human environments to make life better. The name reflects our philosophy: technology should be as approachable and delightful as biting into a sweet Chikku.
Brand colors — primary: Deep Blue (#1A237E), accent: Warm Orange (#FF6F00)",customer,name_origin,Name Origin,547,Chikku Robotics,company,,name origin | brand story | pronunciation | brand colors,0,1,company_overview.json,json,Name origin and brand story
partnership:technology_partners:technology-partners,"Technology Partners
Strategic technology partnerships that enhance our robot capabilities and expand our ecosystem.
Partners: NVIDIA | AWS (Amazon Web Services) | Qualcomm",customer,technology_partners,Technology Partners,171,Chikku Robotics,partnership,,partners | partnerships | overview,0,1,partnerships.json,json,Technology Partners
partnership:technology_partners:partner-nvidia,"NVIDIA — Edge AI Computing partner of Chikku Robotics.
NVIDIA provides the GPU computing platform (Jetson Orin) that powers our Chikku Core ECU and on-device AI inference. We are an NVIDIA Preferred Partner for robotics.
Collaboration: Co-development of optimized AI models for Jetson platform. Early access to next-generation edge AI hardware.",customer,technology_partners,Technology Partners,344,Chikku Robotics,partnership,NVIDIA,partner | partnership | NVIDIA | Edge AI Computing,0,1,partnerships.json,json,Partner: NVIDIA
partnership:technology_partners:partner-aws-amazon-web-services,"AWS (Amazon Web Services) — Cloud Infrastructure partner of Chikku Robotics.
AWS hosts our Chikku Cloud fleet management platform. Provides scalable compute, storage, and ML training infrastructure.
Collaboration: AWS Robotics Competency Partner. Joint go-to-market for manufacturing and logistics customers.",customer,technology_partners,Technology Partners,308,Chikku Robotics,partnership,AWS (Amazon Web Services),partner | partnership | AWS (Amazon Web Services) | Cloud Infrastructure,0,1,partnerships.json,json,Partner: AWS (Amazon Web Services)
partnership:technology_partners:partner-qualcomm,"Qualcomm — Wireless & IoT partner of Chikku Robotics.
Qualcomm 5G modules enable ultra-reliable low-latency communication for our autonomous vehicles and remote teleoperation.
Collaboration: 5G-enabled robot connectivity. On-device AI acceleration using Snapdragon platforms.",customer,technology_partners,Technology Partners,275,Chikku Robotics,partnership,Qualcomm,partner | partnership | Qualcomm | Wireless & IoT,0,1,partnerships.json,json,Partner: Qualcomm
product:hardware:hardware-robotic-systems,"Hardware & Robotic Systems
We design and manufacture a wide variety of robotic systems. This includes service robots, collaborative robots, drones, and autonomous vehicles. We also build the underlying electronic systems, sensors, and embedded devices that power them.
Product lines:
- Service robots
- Collaborative robots (cobots)
- Drones
- Autonomous vehicles
- Electronic systems
- Sensors
- Embedded devices
- Chikku Voice AI Kiosk
- S-Robot
- WatchGuard6S",customer,hardware,Hardware & Robotic Systems,462,Chikku Robotics,product,,hardware | robots | catalog | Service robots | Collaborative robots (cobots) | Drones | Autonomous vehicles | Electronic systems | Sensors | Embedded devices | Chikku Voice AI Kiosk | S-Robot | WatchGuard6S,0,1,products.json,json,Hardware & Robotic Systems
product:software:ai-software-platforms,"AI & Software Platforms
On the software side, we specialize in Artificial Intelligence, Machine Learning, Computer Vision, and Generative AI. We develop robust robotic operating systems, edge AI solutions, and cloud-based platforms to bring our hardware to life.
Platforms:
- Artificial Intelligence
- Machine Learning
- Computer Vision
- Generative AI
- Robotic Operating Systems
- Edge AI Solutions
- Cloud-based Platforms",customer,software,AI & Software Platforms,424,Chikku Robotics,product,,software | ai platform | Artificial Intelligence | Machine Learning | Computer Vision | Generative AI | Robotic Operating Systems | Edge AI Solutions | Cloud-based Platforms,0,1,products.json,json,AI & Software Platforms
product:featured:chikku-voice-ai-kiosk#p0,"Featured Products — Chikku Voice AI Kiosk
Chikku Voice AI Kiosk (Service Robot)
Smart humanoid kiosk robot with natural real-time voice interaction for commercial environments.

Chikku Voice AI Kiosk is a smart humanoid kiosk robot that functions as a professional virtual assistant. It engages customers in natural, real-time voice conversations, providing seamless information retrieval. Powered by a Hybrid RAG architecture combining Vector Search (semantic retrieval) and Knowledge Graph (relational retrieval), it accurately handles both standard Q&A and complex cross-logical queries.

Target Environments:
- Restaurants
- Hotels
- Supermarkets
- Shopping Malls

Core Technologies:
- Hybrid RAG Architecture
- Vector Search (Semantic Retrieval)
- Knowledge Graph (Relational Retrieval)
- Real-time Voice Interaction
- POS System Integration

Key Features:
- Natural real-time voice conversations with customers
- Menu and ingredient Q&A with allergy information
- Dynamic pricing and policy information retrieval
- Dish recommendation based on taste preferences",customer,featured,Featured Products,1067,Chikku Robotics,product,Chikku Voice AI Kiosk,Chikku Voice AI Kiosk | Service Robot | Restaurants | Hotels | Supermarkets | Shopping Malls,0,2,products.json,json,Chikku Voice AI Kiosk
product:featured:chikku-voice-ai-kiosk#p1,"Featured Products — Chikku Voice AI Kiosk
- Dynamic pricing and policy information retrieval
- Dish recommendation based on taste preferences
- Indoor floor plans and spatial positioning
- Turn-by-turn navigation to specific zones or booths
- Location-based product category queries
- Real-time stock level and pricing synchronization via POS integration

Use Cases:
Restaurants Fb:
- Detailed Q&A about menus, ingredients, flavors, and allergy info
- Up-to-date pricing and restaurant policy inquiries
- Dish recommendations based on preferred ingredients or tastes
Supermarkets Malls:
- Floor plans and spatial positioning information
- Turn-by-turn navigation to specific zones or retail booths
- Location queries by product category (nearest booth from user's location)",customer,featured,Featured Products,773,Chikku Robotics,product,Chikku Voice AI Kiosk,Chikku Voice AI Kiosk | Service Robot | Restaurants | Hotels | Supermarkets | Shopping Malls,1,2,products.json,json,Chikku Voice AI Kiosk
product:featured:s-robot#p0,"Featured Products — S-Robot
S-Robot (Solar Panel Cleaning Robot)
Automated solar panel cleaning robot maximizing energy absorption and power output.

S-Robot is a specialized robot designed for cleaning solar panels. It automates the maintenance process to keep solar panel surfaces consistently clean, maximizing solar energy absorption efficiency and power output. Deployable on rooftop solar installations (residential, commercial) and utility-scale solar farms.

Target Environments:
- Rooftop solar installations (residential & commercial)
- Utility-scale solar farms

Core Technologies:
- Autonomous scheduled operation
- Water-optimized / dry-cleaning technology
- Chemical-free cleaning mechanism

Key Features:
- Replaces manual labor for cleaning dust, sand, leaves, and bird droppings
- Eliminates occupational hazards on high rooftops and steep slopes
- Operates automatically on schedule without human supervision
- Cleans significantly faster than manual methods
- Prevents micro-cracks and glass scratching from human foot traffic",customer,featured,Featured Products,1045,Chikku Robotics,product,S-Robot,S-Robot | Solar Panel Cleaning Robot | Rooftop solar installations (residential & commercial) | Utility-scale solar farms,0,2,products.json,json,S-Robot
product:featured:s-robot#p1,"Featured Products — S-Robot
- Cleans significantly faster than manual methods
- Prevents micro-cracks and glass scratching from human foot traffic
- Chemical-free operation protecting anti-reflective coatings and ecosystem
- Optimized water consumption or dry-cleaning capability

Key Benefits:
Time Efficiency:
- Operates automatically on schedule; cleans faster than manual methods enabling immediate peak output restoration.
Cost Savings:
- Reduces specialized cleaning labor and PPE costs; prevents panel damage from manual cleaning; optimizes long-term ROI and system lifespan.
Eco Friendly:
- Optimized water usage or dry-cleaning; 100% chemical-free; protects anti-reflective coatings and surrounding ecosystem.",customer,featured,Featured Products,718,Chikku Robotics,product,S-Robot,S-Robot | Solar Panel Cleaning Robot | Rooftop solar installations (residential & commercial) | Utility-scale solar farms,1,2,products.json,json,S-Robot
product:featured:watchguard6s#p0,"Featured Products — WatchGuard6S
WatchGuard6S (AI Security & Surveillance Robot)
AI-integrated 24/7 security, surveillance, and maintenance optimization robot for solar farms.

WatchGuard6S is an AI-integrated robotic system dedicated to security, surveillance, and real-time monitoring of solar farms. It provides 24/7 protection with high-resolution cameras, thermal imaging sensors, and AI algorithms for continuous patrolling. It also automatically detects environmental hazards, automates maintenance workflows, and optimizes solar panel operational performance.

Target Environments:
- Solar farms
- Utility-scale power stations

Core Technologies:
- High-resolution camera systems
- Thermal imaging sensors
- AI-driven real-time analytics
- Multifunctional environmental sensors
- Autonomous navigation & patrolling

Key Features:
- 24/7 continuous security patrolling and surveillance
- High-resolution visual clarity under all lighting and weather conditions
- Thermal imaging for night-time and low-visibility monitoring",customer,featured,Featured Products,1030,Chikku Robotics,product,WatchGuard6S,WatchGuard6S | AI Security & Surveillance Robot | Solar farms | Utility-scale power stations,0,2,products.json,json,WatchGuard6S
product:featured:watchguard6s#p1,"Featured Products — WatchGuard6S
- Thermal imaging for night-time and low-visibility monitoring
- Real-time AI anomaly detection, intrusion alerts, and equipment failure diagnosis
- Comprehensive environmental metrics and temperature data collection
- Fully autonomous navigation and mission execution without human intervention
- Automated maintenance workflow triggering

Mission:
- Revolutionize security and maintenance operations in solar farms through cutting-edge technology, ensuring sustainable energy production with the highest standards of safety, efficiency, and accuracy.",customer,featured,Featured Products,585,Chikku Robotics,product,WatchGuard6S,WatchGuard6S | AI Security & Surveillance Robot | Solar farms | Utility-scale power stations,1,2,products.json,json,WatchGuard6S
service:consulting:robotics-ai-consulting,"Robotics & AI Consulting
Expert consulting services to help organizations identify, plan, and implement robotics and AI automation strategies tailored to their specific needs.

Offerings:
- Automation Readiness Assessment
- Solution Architecture & Design
- Proof of Concept (PoC) Development
- Safety & Compliance Consulting",customer,consulting,Robotics & AI Consulting,324,Chikku Robotics,service,,Robotics & AI Consulting | Automation Readiness Assessment | Solution Architecture & Design | Proof of Concept (PoC) Development | Safety & Compliance Consulting,0,1,services.json,json,Robotics & AI Consulting
service:consulting:automation-readiness-assessment,"Robotics & AI Consulting — Automation Readiness Assessment
We evaluate your current operations, identify automation opportunities, and build a prioritized roadmap for robotic deployment. Includes ROI analysis and technology recommendation.",customer,consulting,Robotics & AI Consulting,239,Chikku Robotics,service,Automation Readiness Assessment,Automation Readiness Assessment | Robotics & AI Consulting,0,1,services.json,json,Automation Readiness Assessment
service:consulting:solution-architecture-design,"Robotics & AI Consulting — Solution Architecture & Design
Our engineers design end-to-end robotic solutions — from hardware selection to software integration — ensuring compatibility with your existing systems and workflows.",customer,consulting,Robotics & AI Consulting,224,Chikku Robotics,service,Solution Architecture & Design,Solution Architecture & Design | Robotics & AI Consulting,0,1,services.json,json,Solution Architecture & Design
service:consulting:proof-of-concept-poc-development,"Robotics & AI Consulting — Proof of Concept (PoC) Development
Rapid prototyping and pilot deployment to validate automation concepts before full-scale rollout. Typically 4-8 weeks from concept to working prototype.",customer,consulting,Robotics & AI Consulting,214,Chikku Robotics,service,Proof of Concept (PoC) Development,Proof of Concept (PoC) Development | Robotics & AI Consulting,0,1,services.json,json,Proof of Concept (PoC) Development
service:consulting:safety-compliance-consulting,"Robotics & AI Consulting — Safety & Compliance Consulting
Guidance on robot safety standards (ISO 13482, ISO 10218, etc.), risk assessment, and certification processes for deploying robots in regulated environments.",customer,consulting,Robotics & AI Consulting,215,Chikku Robotics,service,Safety & Compliance Consulting,Safety & Compliance Consulting | Robotics & AI Consulting,0,1,services.json,json,Safety & Compliance Consulting
service:engineering_support:engineering-integration-support,"Engineering & Integration Support
Hands-on engineering services for robot deployment, customization, and integration with existing enterprise systems.

Offerings:
- System Integration
- Custom End-Effector Design
- On-Site Deployment
- Ongoing Technical Support",customer,engineering_support,Engineering & Integration Support,261,Chikku Robotics,service,,Engineering & Integration Support | System Integration | Custom End-Effector Design | On-Site Deployment | Ongoing Technical Support,0,1,services.json,json,Engineering & Integration Support
service:engineering_support:system-integration,"Engineering & Integration Support — System Integration
Integration of our robots with your WMS, ERP, MES, HIS, and other enterprise systems. Custom API development and middleware for seamless data flow.",customer,engineering_support,Engineering & Integration Support,202,Chikku Robotics,service,System Integration,System Integration | Engineering & Integration Support,0,1,services.json,json,System Integration
service:engineering_support:custom-end-effector-design,"Engineering & Integration Support — Custom End-Effector Design
Design and fabrication of custom grippers, tools, and fixtures for specific application requirements. Rapid prototyping with in-house 3D printing and CNC machining.",customer,engineering_support,Engineering & Integration Support,227,Chikku Robotics,service,Custom End-Effector Design,Custom End-Effector Design | Engineering & Integration Support,0,1,services.json,json,Custom End-Effector Design
service:engineering_support:on-site-deployment,"Engineering & Integration Support — On-Site Deployment
Our field engineers handle robot installation, commissioning, site mapping, and workflow configuration at your facility. Typical deployment: 1-4 weeks per site.",customer,engineering_support,Engineering & Integration Support,215,Chikku Robotics,service,On-Site Deployment,On-Site Deployment | Engineering & Integration Support,0,1,services.json,json,On-Site Deployment
service:engineering_support:ongoing-technical-support,"Engineering & Integration Support — Ongoing Technical Support
24/7 technical support with remote diagnostics, on-site service visits, and spare parts management. SLAs from 4-hour response to next-business-day.",customer,engineering_support,Engineering & Integration Support,209,Chikku Robotics,service,Ongoing Technical Support,Ongoing Technical Support | Engineering & Integration Support,0,1,services.json,json,Ongoing Technical Support
service:training:training-education-programs,"Training & Education Programs
Comprehensive training programs to upskill your workforce in robotics operation, programming, and maintenance.

Offerings:
- Robot Operator Training
- Robot Programming Certification
- AI & Computer Vision Workshop
- Fleet Management Administration
- Train-the-Trainer Program",customer,training,Training & Education Programs,306,Chikku Robotics,service,,Training & Education Programs | Robot Operator Training | Robot Programming Certification | AI & Computer Vision Workshop | Fleet Management Administration | Train-the-Trainer Program,0,1,services.json,json,Training & Education Programs
service:training:robot-operator-training,"Training & Education Programs — Robot Operator Training
Hands-on training for frontline staff on robot operation, safety procedures, and basic troubleshooting. 2-day program, no prior technical experience required.
Duration: 2 days",customer,training,Training & Education Programs,231,Chikku Robotics,service,Robot Operator Training,Robot Operator Training | Training & Education Programs,0,1,services.json,json,Robot Operator Training
service:training:robot-programming-certification,"Training & Education Programs — Robot Programming Certification
Learn to program our collaborative robotss using teach-by-demonstration, Python scripting, and ROS 2. Covers path planning, vision integration, and task sequencing.
Duration: 5 days",customer,training,Training & Education Programs,245,Chikku Robotics,service,Robot Programming Certification,Robot Programming Certification | Training & Education Programs,0,1,services.json,json,Robot Programming Certification
service:training:ai-computer-vision-workshop,"Training & Education Programs — AI & Computer Vision Workshop
Deep dive into the AI technologies powering our robots. Learn to train custom object detection models and deploy models to edge devices.
Duration: 3 days",customer,training,Training & Education Programs,215,Chikku Robotics,service,AI & Computer Vision Workshop,AI & Computer Vision Workshop | Training & Education Programs,0,1,services.json,json,AI & Computer Vision Workshop
service:training:fleet-management-administration,"Training & Education Programs — Fleet Management Administration
Training for system administrators on Chikku Cloud fleet management — robot provisioning, traffic management, analytics, and maintenance scheduling.
Duration: 2 days",customer,training,Training & Education Programs,229,Chikku Robotics,service,Fleet Management Administration,Fleet Management Administration | Training & Education Programs,0,1,services.json,json,Fleet Management Administration
service:training:train-the-trainer-program,"Training & Education Programs — Train-the-Trainer Program
We certify your in-house trainers to deliver operator and basic maintenance training. Includes all training materials, assessments, and ongoing curriculum updates.
Duration: 5 days + ongoing support",customer,training,Training & Education Programs,256,Chikku Robotics,service,Train-the-Trainer Program,Train-the-Trainer Program | Training & Education Programs,0,1,services.json,json,Train-the-Trainer Program
service:maintenance:maintenance-lifecycle-services,"Maintenance & Lifecycle Services
Ensure your robot fleet operates at peak performance with our comprehensive maintenance and lifecycle management services.

Offerings:
- Preventive Maintenance Plans
- Predictive Maintenance
- Spare Parts Management
- Robot-as-a-Service (RaaS)
- Fleet Refresh & Upgrades",customer,maintenance,Maintenance & Lifecycle Services,303,Chikku Robotics,service,,Maintenance & Lifecycle Services | Preventive Maintenance Plans | Predictive Maintenance | Spare Parts Management | Robot-as-a-Service (RaaS) | Fleet Refresh & Upgrades,0,1,services.json,json,Maintenance & Lifecycle Services
service:maintenance:preventive-maintenance-plans,"Maintenance & Lifecycle Services — Preventive Maintenance Plans
Scheduled maintenance visits covering mechanical inspection, sensor calibration, software updates, and battery health checks.",customer,maintenance,Maintenance & Lifecycle Services,189,Chikku Robotics,service,Preventive Maintenance Plans,Preventive Maintenance Plans | Maintenance & Lifecycle Services,0,1,services.json,json,Preventive Maintenance Plans
service:maintenance:predictive-maintenance,"Maintenance & Lifecycle Services — Predictive Maintenance
AI-powered monitoring that predicts component wear and potential failures before they occur. Reduces unplanned downtime by up to 80%.",customer,maintenance,Maintenance & Lifecycle Services,191,Chikku Robotics,service,Predictive Maintenance,Predictive Maintenance | Maintenance & Lifecycle Services,0,1,services.json,json,Predictive Maintenance
service:maintenance:spare-parts-management,"Maintenance & Lifecycle Services — Spare Parts Management
Guaranteed availability of critical spare parts with 24-hour dispatch. Regional depots in Singapore, Tokyo, San Jose, and Munich.",customer,maintenance,Maintenance & Lifecycle Services,187,Chikku Robotics,service,Spare Parts Management,Spare Parts Management | Maintenance & Lifecycle Services,0,1,services.json,json,Spare Parts Management
service:maintenance:robot-as-a-service-raas,"Maintenance & Lifecycle Services — Robot-as-a-Service (RaaS)
Subscription-based robot deployment that includes hardware, software, maintenance, and support in a single monthly fee. No upfront capital expenditure required.",customer,maintenance,Maintenance & Lifecycle Services,221,Chikku Robotics,service,Robot-as-a-Service (RaaS),Robot-as-a-Service (RaaS) | Maintenance & Lifecycle Services,0,1,services.json,json,Robot-as-a-Service (RaaS)
service:maintenance:fleet-refresh-upgrades,"Maintenance & Lifecycle Services — Fleet Refresh & Upgrades
Hardware upgrade programs and trade-in options to keep your fleet current with the latest technology.",customer,maintenance,Maintenance & Lifecycle Services,161,Chikku Robotics,service,Fleet Refresh & Upgrades,Fleet Refresh & Upgrades | Maintenance & Lifecycle Services,0,1,services.json,json,Fleet Refresh & Upgrades
service:custom_development:custom-robot-development,"Custom Robot Development
For unique requirements that off-the-shelf robots cannot address, we offer custom robot design and development services.

Offerings:
- Custom Robot Design
- Application-Specific Software
- Prototyping & Small-Batch Production",customer,custom_development,Custom Robot Development,250,Chikku Robotics,service,,Custom Robot Development | Custom Robot Design | Application-Specific Software | Prototyping & Small-Batch Production,0,1,services.json,json,Custom Robot Development
service:custom_development:custom-robot-design,"Custom Robot Development — Custom Robot Design
Full-cycle custom robot development — from requirements analysis and conceptual design to prototyping, testing, and production.",customer,custom_development,Custom Robot Development,174,Chikku Robotics,service,Custom Robot Design,Custom Robot Design | Custom Robot Development,0,1,services.json,json,Custom Robot Design
service:custom_development:application-specific-software,"Custom Robot Development — Application-Specific Software
Custom AI models, computer vision pipelines, and robot behaviors developed for your specific application. Built on Chikku Brain platform.",customer,custom_development,Custom Robot Development,194,Chikku Robotics,service,Application-Specific Software,Application-Specific Software | Custom Robot Development,0,1,services.json,json,Application-Specific Software
service:custom_development:prototyping-small-batch-production,"Custom Robot Development — Prototyping & Small-Batch Production
Rapid prototyping with our in-house manufacturing capabilities. Small-batch production (10-100 units) for pilot programs.",customer,custom_development,Custom Robot Development,185,Chikku Robotics,service,Prototyping & Small-Batch Production,Prototyping & Small-Batch Production | Custom Robot Development,0,1,services.json,json,Prototyping & Small-Batch Production
solution:smart_manufacturing:smart-manufacturing,"Smart Manufacturing
Transform your factory with intelligent automation. Our collaborative robotss, AMRs, and AI vision systems work alongside your workforce to increase productivity, quality, and flexibility.

Applications:
- Assembly & Kitting
- Quality Inspection
- Material Handling
- Machine Tending
- Packaging & Palletizing

Case study: A major electronics manufacturer deployed 12 CoBot C2 units and 8 CarryBot A1 AMRs across their PCB assembly line. Result: 40% throughput increase, 60% defect reduction, and ROI in 14 months.",customer,smart_manufacturing,Smart Manufacturing,534,Chikku Robotics,solution,,Smart Manufacturing | Assembly & Kitting | Quality Inspection | Material Handling | Machine Tending | Packaging & Palletizing,0,1,solutions.json,json,Smart Manufacturing
solution:smart_manufacturing:assembly-kitting,"Smart Manufacturing — Assembly & Kitting
Collaborative robots handle repetitive assembly tasks with high precision, freeing human workers for higher-value activities. collaborative robots C2 and C5 models are ideal for electronics, automotive, and consumer goods assembly lines.",customer,smart_manufacturing,Smart Manufacturing,278,Chikku Robotics,solution,Assembly & Kitting,Assembly & Kitting | Smart Manufacturing,0,1,solutions.json,json,Assembly & Kitting
solution:smart_manufacturing:quality-inspection,"Smart Manufacturing — Quality Inspection
AI-powered vision systems automatically detect defects, measure dimensions, and verify assembly correctness at production-line speeds. Our computer vision models achieve 99.7%+ defect detection rates in electronics manufacturing.",customer,smart_manufacturing,Smart Manufacturing,270,Chikku Robotics,solution,Quality Inspection,Quality Inspection | Smart Manufacturing,0,1,solutions.json,json,Quality Inspection
solution:smart_manufacturing:material-handling,"Smart Manufacturing — Material Handling
CarryBot A1 AMRs autonomously transport raw materials, work-in-progress, and finished goods between production cells, warehouses, and shipping areas — eliminating manual forklift operations.",customer,smart_manufacturing,Smart Manufacturing,230,Chikku Robotics,solution,Material Handling,Material Handling | Smart Manufacturing,0,1,solutions.json,json,Material Handling
solution:smart_manufacturing:machine-tending,"Smart Manufacturing — Machine Tending
collaborative robots arms load and unload CNC machines, injection molding presses, and test equipment 24/7. Quick changeover between product variants through teach-by-demonstration programming.",customer,smart_manufacturing,Smart Manufacturing,231,Chikku Robotics,solution,Machine Tending,Machine Tending | Smart Manufacturing,0,1,solutions.json,json,Machine Tending
solution:smart_manufacturing:packaging-palletizing,"Smart Manufacturing — Packaging & Palletizing
End-of-line automation with collaborative robots C5 for case packing and palletizing. Handles mixed-SKU pallets with AI-powered stacking optimization.",customer,smart_manufacturing,Smart Manufacturing,196,Chikku Robotics,solution,Packaging & Palletizing,Packaging & Palletizing | Smart Manufacturing,0,1,solutions.json,json,Packaging & Palletizing
solution:healthcare:healthcare-medical,"Healthcare & Medical
Our healthcare robotics solutions improve hospital efficiency, reduce staff burden, and enhance patient care — from logistics automation to AI-assisted diagnostics.

Applications:
- Hospital Logistics
- Patient Assistance
- Disinfection
- Pharmacy Automation",customer,healthcare,Healthcare & Medical,279,Chikku Robotics,solution,,Healthcare & Medical | Hospital Logistics | Patient Assistance | Disinfection | Pharmacy Automation,0,1,solutions.json,json,Healthcare & Medical
solution:healthcare:hospital-logistics,"Healthcare & Medical — Hospital Logistics
MediBot M1 automates medication delivery, lab sample transport, linen distribution, and meal delivery throughout hospital campuses. Integrates with HIS/EMR for automated task dispatching.",customer,healthcare,Healthcare & Medical,229,Chikku Robotics,solution,Hospital Logistics,Hospital Logistics | Healthcare & Medical,0,1,solutions.json,json,Hospital Logistics
solution:healthcare:patient-assistance,"Healthcare & Medical — Patient Assistance
ServeBot S2 deployed in patient rooms and wards for non-clinical assistance — delivering water, adjusting lights, calling nurses, and providing entertainment.",customer,healthcare,Healthcare & Medical,200,Chikku Robotics,solution,Patient Assistance,Patient Assistance | Healthcare & Medical,0,1,solutions.json,json,Patient Assistance
solution:healthcare:disinfection,"Healthcare & Medical — Disinfection
UV-C equipped mobile robots autonomously disinfect patient rooms, operating theaters, and common areas. Validated 99.99% pathogen elimination.",customer,healthcare,Healthcare & Medical,178,Chikku Robotics,solution,Disinfection,Disinfection | Healthcare & Medical,0,1,solutions.json,json,Disinfection
solution:healthcare:pharmacy-automation,"Healthcare & Medical — Pharmacy Automation
CoBot arms handle medication picking, counting, and packaging in hospital pharmacies. Reduces medication errors and frees pharmacists for clinical duties.",customer,healthcare,Healthcare & Medical,197,Chikku Robotics,solution,Pharmacy Automation,Pharmacy Automation | Healthcare & Medical,0,1,solutions.json,json,Pharmacy Automation
solution:warehousing_logistics:warehousing-logistics,"Warehousing & Logistics
Automate your warehouse operations from receiving to shipping. Our AMRs and robotic systems handle goods movement, sorting, and order fulfillment with speed and accuracy.

Applications:
- Goods-to-Person Picking
- Cross-Docking & Sortation
- Inventory Management
- Last-Mile Delivery",customer,warehousing_logistics,Warehousing & Logistics,307,Chikku Robotics,solution,,Warehousing & Logistics | Goods-to-Person Picking | Cross-Docking & Sortation | Inventory Management | Last-Mile Delivery,0,1,solutions.json,json,Warehousing & Logistics
solution:warehousing_logistics:goods-to-person-picking,"Warehousing & Logistics — Goods-to-Person Picking
CarryBot AMRs bring inventory shelves to pick stations, eliminating worker walking time. Increases pick rates from 80 to 300+ lines per hour.",customer,warehousing_logistics,Warehousing & Logistics,191,Chikku Robotics,solution,Goods-to-Person Picking,Goods-to-Person Picking | Warehousing & Logistics,0,1,solutions.json,json,Goods-to-Person Picking
solution:warehousing_logistics:cross-docking-sortation,"Warehousing & Logistics — Cross-Docking & Sortation
Autonomous robots sort incoming goods by destination at high speed. Reduces cross-dock processing time by 50%.",customer,warehousing_logistics,Warehousing & Logistics,162,Chikku Robotics,solution,Cross-Docking & Sortation,Cross-Docking & Sortation | Warehousing & Logistics,0,1,solutions.json,json,Cross-Docking & Sortation
solution:warehousing_logistics:inventory-management,"Warehousing & Logistics — Inventory Management
SkyBot I1 drones perform automated inventory counts in high-bay racking using barcode scanning and computer vision. Counts 10× faster than manual methods.",customer,warehousing_logistics,Warehousing & Logistics,201,Chikku Robotics,solution,Inventory Management,Inventory Management | Warehousing & Logistics,0,1,solutions.json,json,Inventory Management
solution:warehousing_logistics:last-mile-delivery,"Warehousing & Logistics — Last-Mile Delivery
SkyBot D1 drones deliver small parcels within a 15 km radius. AutoHaul H1 autonomous vehicles handle larger deliveries on campus and between facilities.",customer,warehousing_logistics,Warehousing & Logistics,197,Chikku Robotics,solution,Last-Mile Delivery,Last-Mile Delivery | Warehousing & Logistics,0,1,solutions.json,json,Last-Mile Delivery
solution:smart_cities:smart-cities-public-infrastructure,"Smart Cities & Public Infrastructure
Our robots contribute to safer, cleaner, and more efficient cities through autonomous inspection, security patrol, and public services.

Applications:
- Infrastructure Inspection
- Security & Surveillance
- Public Information
- Environmental Monitoring",customer,smart_cities,Smart Cities & Public Infrastructure,289,Chikku Robotics,solution,,Smart Cities & Public Infrastructure | Infrastructure Inspection | Security & Surveillance | Public Information | Environmental Monitoring,0,1,solutions.json,json,Smart Cities & Public Infrastructure
solution:smart_cities:infrastructure-inspection,"Smart Cities & Public Infrastructure — Infrastructure Inspection
SkyBot I1 drones inspect bridges, tunnels, power lines, and buildings autonomously. AI detects cracks, corrosion, and structural issues early — preventing failures and reducing inspection costs by 70%.",customer,smart_cities,Smart Cities & Public Infrastructure,266,Chikku Robotics,solution,Infrastructure Inspection,Infrastructure Inspection | Smart Cities & Public Infrastructure,0,1,solutions.json,json,Infrastructure Inspection
solution:smart_cities:security-surveillance,"Smart Cities & Public Infrastructure — Security & Surveillance
Autonomous mobile robots patrol public spaces, parking structures, and critical infrastructure. Anomaly detection AI alerts human operators to potential security threats.",customer,smart_cities,Smart Cities & Public Infrastructure,233,Chikku Robotics,solution,Security & Surveillance,Security & Surveillance | Smart Cities & Public Infrastructure,0,1,solutions.json,json,Security & Surveillance
solution:smart_cities:public-information,"Smart Cities & Public Infrastructure — Public Information
GuideBot G1 robots deployed in airports, train stations, and city centers provide wayfinding, event information, and multilingual assistance to citizens and tourists.",customer,smart_cities,Smart Cities & Public Infrastructure,224,Chikku Robotics,solution,Public Information,Public Information | Smart Cities & Public Infrastructure,0,1,solutions.json,json,Public Information
solution:smart_cities:environmental-monitoring,"Smart Cities & Public Infrastructure — Environmental Monitoring
Sensor-equipped mobile robots monitor air quality, noise levels, and temperature across urban areas, providing real-time environmental data to city management systems.",customer,smart_cities,Smart Cities & Public Infrastructure,231,Chikku Robotics,solution,Environmental Monitoring,Environmental Monitoring | Smart Cities & Public Infrastructure,0,1,solutions.json,json,Environmental Monitoring
solution:agriculture:agriculture-agritech,"Agriculture & Agritech
Precision agriculture powered by robotics and AI — from autonomous crop monitoring to selective harvesting.

Applications:
- Crop Monitoring
- Autonomous Weeding & Spraying
- Harvesting Assistance",customer,agriculture,Agriculture & Agritech,219,Chikku Robotics,solution,,Agriculture & Agritech | Crop Monitoring | Autonomous Weeding & Spraying | Harvesting Assistance,0,1,solutions.json,json,Agriculture & Agritech
solution:agriculture:crop-monitoring,"Agriculture & Agritech — Crop Monitoring
SkyBot I1 drones equipped with multispectral cameras survey crops, detecting disease, nutrient deficiency, and water stress before they become visible to the human eye.",customer,agriculture,Agriculture & Agritech,209,Chikku Robotics,solution,Crop Monitoring,Crop Monitoring | Agriculture & Agritech,0,1,solutions.json,json,Crop Monitoring
solution:agriculture:autonomous-weeding-spraying,"Agriculture & Agritech — Autonomous Weeding & Spraying
Mobile robots with computer vision identify and remove weeds mechanically or apply targeted spraying — reducing herbicide use by up to 90%.",customer,agriculture,Agriculture & Agritech,194,Chikku Robotics,solution,Autonomous Weeding & Spraying,Autonomous Weeding & Spraying | Agriculture & Agritech,0,1,solutions.json,json,Autonomous Weeding & Spraying
solution:agriculture:harvesting-assistance,"Agriculture & Agritech — Harvesting Assistance
CoBot arms with soft grippers and vision systems selectively harvest fruits and vegetables without damage. Adaptable to multiple crop types.",customer,agriculture,Agriculture & Agritech,187,Chikku Robotics,solution,Harvesting Assistance,Harvesting Assistance | Agriculture & Agritech,0,1,solutions.json,json,Harvesting Assistance
technology:artificial_intelligence:artificial-intelligence-machine-learning,"Artificial Intelligence & Machine Learning
Our AI research and engineering team develops state-of-the-art models for perception, planning, and human-robot interaction. We combine classical robotics with modern deep learning to create truly intelligent machines.

Capabilities:
- Deep Learning
- Reinforcement Learning
- Natural Language Processing
- Generative AI",customer,artificial_intelligence,Artificial Intelligence & Machine Learning,363,Chikku Robotics,technology,,Artificial Intelligence & Machine Learning | Deep Learning | Reinforcement Learning | Natural Language Processing | Generative AI,0,1,technologies.json,json,Artificial Intelligence & Machine Learning
technology:artificial_intelligence:deep-learning,"Artificial Intelligence & Machine Learning — Deep Learning
Convolutional neural networks (CNNs), transformers, and recurrent architectures optimized for real-time robotic inference on edge devices.
Applications: Object detection and classification | Semantic scene understanding | Human pose estimation | Gesture recognition",customer,artificial_intelligence,Artificial Intelligence & Machine Learning,324,Chikku Robotics,technology,Deep Learning,Deep Learning | Artificial Intelligence & Machine Learning,0,1,technologies.json,json,Deep Learning
technology:artificial_intelligence:reinforcement-learning,"Artificial Intelligence & Machine Learning — Reinforcement Learning
Model-based and model-free RL for robot control, navigation, and manipulation. Training in simulation with sim-to-real transfer.
Applications: Adaptive navigation in dynamic environments | Robotic grasping and manipulation | Multi-robot coordination | Energy-optimal path planning",customer,artificial_intelligence,Artificial Intelligence & Machine Learning,348,Chikku Robotics,technology,Reinforcement Learning,Reinforcement Learning | Artificial Intelligence & Machine Learning,0,1,technologies.json,json,Reinforcement Learning
technology:artificial_intelligence:natural-language-processing,"Artificial Intelligence & Machine Learning — Natural Language Processing
Transformer-based language models fine-tuned for robotic command understanding and multi-turn dialogue in 30+ languages.
Applications: Voice command interpretation | Intent classification | Conversational AI for service robots | Multilingual translation",customer,artificial_intelligence,Artificial Intelligence & Machine Learning,326,Chikku Robotics,technology,Natural Language Processing,Natural Language Processing | Artificial Intelligence & Machine Learning,0,1,technologies.json,json,Natural Language Processing
technology:artificial_intelligence:generative-ai,"Artificial Intelligence & Machine Learning — Generative AI
Large language models and diffusion models for task planning, code generation, and robot behavior synthesis.
Applications: Automated task planning from natural language | Robot program generation | Synthetic training data generation | Predictive world modeling",customer,artificial_intelligence,Artificial Intelligence & Machine Learning,319,Chikku Robotics,technology,Generative AI,Generative AI | Artificial Intelligence & Machine Learning,0,1,technologies.json,json,Generative AI
technology:computer_vision:computer-vision,"Computer Vision
Our vision systems enable robots to see, understand, and interact with their environment in real time. From 3D perception to facial recognition, our CV stack runs efficiently on embedded hardware.

Capabilities:
- 3D Perception
- Object Detection & Tracking
- Facial & Gesture Recognition
- Industrial Inspection",customer,computer_vision,Computer Vision,328,Chikku Robotics,technology,,Computer Vision | 3D Perception | Object Detection & Tracking | Facial & Gesture Recognition | Industrial Inspection,0,1,technologies.json,json,Computer Vision
technology:computer_vision:3d-perception,"Computer Vision — 3D Perception
Stereo vision, structured light, and LiDAR-camera fusion for accurate 3D environment mapping and object localization.
Technologies: Stereo depth estimation | Point cloud processing (PCL) | LiDAR-camera calibration and fusion | Visual SLAM (ORB-SLAM3)",customer,computer_vision,Computer Vision,282,Chikku Robotics,technology,3D Perception,3D Perception | Computer Vision,0,1,technologies.json,json,3D Perception
technology:computer_vision:object-detection-tracking,"Computer Vision — Object Detection & Tracking
Real-time multi-object detection and tracking using YOLOv8 and transformer-based detectors, optimized for edge deployment.
Technologies: YOLOv8 Nano to XL | DeepSORT tracking | ByteTrack | TensorRT optimization",customer,computer_vision,Computer Vision,256,Chikku Robotics,technology,Object Detection & Tracking,Object Detection & Tracking | Computer Vision,0,1,technologies.json,json,Object Detection & Tracking
technology:computer_vision:facial-gesture-recognition,"Computer Vision — Facial & Gesture Recognition
Privacy-preserving facial recognition for personalized robot interactions. Hand and body gesture recognition for intuitive human-robot communication.
Technologies: ArcFace embeddings | MediaPipe holistic | Privacy-first: on-device only, no cloud upload",customer,computer_vision,Computer Vision,299,Chikku Robotics,technology,Facial & Gesture Recognition,Facial & Gesture Recognition | Computer Vision,0,1,technologies.json,json,Facial & Gesture Recognition
technology:computer_vision:industrial-inspection,"Computer Vision — Industrial Inspection
Automated visual inspection for manufacturing quality control — defect detection, dimensional measurement, and surface analysis.
Technologies: Anomaly detection (PaDiM, PatchCore) | OCR for part numbers | Thermal imaging analysis | High-res multi-camera calibration",customer,computer_vision,Computer Vision,305,Chikku Robotics,technology,Industrial Inspection,Industrial Inspection | Computer Vision,0,1,technologies.json,json,Industrial Inspection
technology:robotics_engineering:robotics-engineering,"Robotics Engineering
Core robotics capabilities spanning kinematics, dynamics, control theory, and mechatronics design.

Capabilities:
- Motion Planning & Control
- SLAM & Localization
- Manipulation & Grasping
- Mechatronics & Hardware",customer,robotics_engineering,Robotics Engineering,236,Chikku Robotics,technology,,Robotics Engineering | Motion Planning & Control | SLAM & Localization | Manipulation & Grasping | Mechatronics & Hardware,0,1,technologies.json,json,Robotics Engineering
technology:robotics_engineering:motion-planning-control,"Robotics Engineering — Motion Planning & Control
Advanced trajectory planning and real-time control for manipulators and mobile platforms.
Technologies: Model Predictive Control (MPC) | Impedance control | Admittance control | Whole-body control | Trajectory optimization (TrajOpt)",customer,robotics_engineering,Robotics Engineering,281,Chikku Robotics,technology,Motion Planning & Control,Motion Planning & Control | Robotics Engineering,0,1,technologies.json,json,Motion Planning & Control
technology:robotics_engineering:slam-localization,"Robotics Engineering — SLAM & Localization
Simultaneous Localization and Mapping for autonomous navigation in unknown and dynamic environments.
Technologies: LiDAR SLAM (Cartographer, FAST-LIO2) | Visual SLAM (ORB-SLAM3) | Visual-inertial odometry | Multi-sensor fusion (EKF, factor graphs)",customer,robotics_engineering,Robotics Engineering,290,Chikku Robotics,technology,SLAM & Localization,SLAM & Localization | Robotics Engineering,0,1,technologies.json,json,SLAM & Localization
technology:robotics_engineering:manipulation-grasping,"Robotics Engineering — Manipulation & Grasping
Robotic grasping and manipulation for diverse objects in unstructured environments.
Technologies: 6-DoF grasp planning (GPD, GraspNet) | Dexterous manipulation | Force-feedback assembly | Soft robotic grippers",customer,robotics_engineering,Robotics Engineering,256,Chikku Robotics,technology,Manipulation & Grasping,Manipulation & Grasping | Robotics Engineering,0,1,technologies.json,json,Manipulation & Grasping
technology:robotics_engineering:mechatronics-hardware,"Robotics Engineering — Mechatronics & Hardware
Custom actuator design, sensor integration, and embedded electronics for our robot platforms.
Technologies: Custom BLDC motor drivers | FPGA-based real-time control | CAN bus / EtherCAT communication | Battery management systems (BMS)",customer,robotics_engineering,Robotics Engineering,281,Chikku Robotics,technology,Mechatronics & Hardware,Mechatronics & Hardware | Robotics Engineering,0,1,technologies.json,json,Mechatronics & Hardware
technology:edge_computing:edge-ai-computing,"Edge AI & Computing
All our AI inference runs on-device for low latency, privacy, and offline capability. We design custom edge computing hardware optimized for robotic workloads.

Capabilities:
- NVIDIA Jetson Orin Integration
- Chikku Edge AI Accelerator
- On-Device LLM",customer,edge_computing,Edge AI & Computing,272,Chikku Robotics,technology,,Edge AI & Computing | NVIDIA Jetson Orin Integration | Chikku Edge AI Accelerator | On-Device LLM,0,1,technologies.json,json,Edge AI & Computing
technology:edge_computing:nvidia-jetson-orin-integration,"Edge AI & Computing — NVIDIA Jetson Orin Integration
Our primary edge AI platform. Custom-optimized models run on Jetson Orin AGX (275 TOPS) and Orin NX (100 TOPS).",customer,edge_computing,Edge AI & Computing,164,Chikku Robotics,technology,NVIDIA Jetson Orin Integration,NVIDIA Jetson Orin Integration | Edge AI & Computing,0,1,technologies.json,json,NVIDIA Jetson Orin Integration
technology:edge_computing:chikku-edge-ai-accelerator,"Edge AI & Computing — Chikku Edge AI Accelerator
Custom FPGA-based accelerator for ultra-low-latency perception tasks (< 5ms inference). Optimized for safety-critical real-time applications.",customer,edge_computing,Edge AI & Computing,190,Chikku Robotics,technology,Chikku Edge AI Accelerator,Chikku Edge AI Accelerator | Edge AI & Computing,0,1,technologies.json,json,Chikku Edge AI Accelerator
technology:edge_computing:on-device-llm,"Edge AI & Computing — On-Device LLM
Quantized language models (4-bit, 8-bit) running locally on robot hardware. Enables private, offline conversational AI without cloud dependency.",customer,edge_computing,Edge AI & Computing,180,Chikku Robotics,technology,On-Device LLM,On-Device LLM | Edge AI & Computing,0,1,technologies.json,json,On-Device LLM
technology:cloud_platform:cloud-data-platform,"Cloud & Data Platform
Our cloud infrastructure supports fleet management, continuous learning, and data analytics across thousands of deployed robots.

Capabilities:
- Fleet Management
- Digital Twin
- Continuous Learning
- Analytics & Insights",customer,cloud_platform,Cloud & Data Platform,244,Chikku Robotics,technology,,Cloud & Data Platform | Fleet Management | Digital Twin | Continuous Learning | Analytics & Insights,0,1,technologies.json,json,Cloud & Data Platform
technology:cloud_platform:fleet-management,"Cloud & Data Platform — Fleet Management
Monitor, control, and optimize robot fleets at scale. Real-time telemetry, task assignment, and traffic management.",customer,cloud_platform,Cloud & Data Platform,156,Chikku Robotics,technology,Fleet Management,Fleet Management | Cloud & Data Platform,0,1,technologies.json,json,Fleet Management
technology:cloud_platform:digital-twin,"Cloud & Data Platform — Digital Twin
Physics-accurate simulation of robots and environments. Test new behaviors, validate safety, and train AI models in simulation before deployment.",customer,cloud_platform,Cloud & Data Platform,182,Chikku Robotics,technology,Digital Twin,Digital Twin | Cloud & Data Platform,0,1,technologies.json,json,Digital Twin
technology:cloud_platform:continuous-learning,"Cloud & Data Platform — Continuous Learning
Federated learning pipeline that improves robot AI models using field data while preserving privacy. Models improve with every deployment.",customer,cloud_platform,Cloud & Data Platform,182,Chikku Robotics,technology,Continuous Learning,Continuous Learning | Cloud & Data Platform,0,1,technologies.json,json,Continuous Learning
technology:cloud_platform:analytics-insights,"Cloud & Data Platform — Analytics & Insights
Operational analytics dashboard showing robot utilization, efficiency metrics, anomaly detection, and predictive maintenance alerts.",customer,cloud_platform,Cloud & Data Platform,177,Chikku Robotics,technology,Analytics & Insights,Analytics & Insights | Cloud & Data Platform,0,1,technologies.json,json,Analytics & Insights
technology:safety_systems:safety-certification,"Safety & Certification
Safety is the foundation of all our technology. We implement multi-layered safety architectures and comply with international robotics safety standards.

Standards:
- ISO 13482 — Safety requirements for personal care robots
- ISO 10218 — Industrial robot safety
- ISO 13849 — Safety-related parts of control systems (up to PL e / SIL 3)
- IEC 61508 — Functional safety of electrical/electronic systems
- IEC 60601 — Medical electrical equipment (for MediBot)
- CE Marking (EU), FCC (USA), MIC (Japan)

Safety Features:
- Multi-layer safety: hardware safety controller + software safety monitor
- Force-limited joints with real-time collision detection
- 360° LiDAR-based safety zones with configurable protective fields
- Emergency stop with < 50ms response time
- Fail-safe braking on all mobile platforms
- Redundant light detection and ranging for outdoor vehicles",customer,safety_systems,Safety & Certification,890,Chikku Robotics,technology,,Safety & Certification,0,1,technologies.json,json,Safety & Certification
faq:general:frequently-asked-questions,"Frequently Asked Questions
Common questions about Chikku Robotics, our products, services, and technology.",customer,general,Frequently Asked Questions,106,Chikku Robotics,faq,,faq | overview,0,1,faq.json,json,Frequently Asked Questions
faq:general:who-is-your-leadership-team,"Q: Who is your leadership team?
A: Great question! 🤖 We're led by Surender Rangaraju, our visionary Founder & Chairman, and Mohan, our Director who drives strategic growth. Together they're building a smarter future with robots!",customer,general,Frequently Asked Questions,228,Chikku Robotics,faq,Who is your leadership team?,faq | question,0,1,faq.json,json,Who is your leadership team?
faq:general:what-is-your-leadership-structure,"Q: What is your leadership structure?
A: We've got a dynamic duo at the helm! 😊 Surender Rangaraju sets the bold vision as Founder & Chairman, while Mohan steers strategy and operations as Director.",customer,general,Frequently Asked Questions,198,Chikku Robotics,faq,What is your leadership structure?,faq | question,0,1,faq.json,json,What is your leadership structure?
faq:general:who-leads-chikku-robotics,"Q: Who leads Chikku Robotics?
A: Surender Rangaraju, our Founder & Chairman, and Mohan, our Director! 🦾 Surender brings the grand vision, Mohan drives the execution — a perfect combo!",customer,general,Frequently Asked Questions,183,Chikku Robotics,faq,Who leads Chikku Robotics?,faq | question,0,1,faq.json,json,Who leads Chikku Robotics?
faq:general:tell-me-about-your-leadership-and-management-team,"Q: Tell me about your leadership and management team
A: We're led by Surender Rangaraju, Founder & Chairman, and Mohan, Director! 🌟 Surender dreams big about intelligent robots, and Mohan makes those dreams happen operationally.",customer,general,Frequently Asked Questions,228,Chikku Robotics,faq,Tell me about your leadership and management team,faq | question,0,1,faq.json,json,Tell me about your leadership and management team
faq:general:who-are-your-partners,"Q: Who are your partners?
A: We team up with the best! 🎉 NVIDIA powers our AI brains with Jetson GPUs, AWS runs our cloud fleet platform, and Qualcomm gives us blazing 5G connectivity. Pretty awesome, right?",customer,general,Frequently Asked Questions,207,Chikku Robotics,faq,Who are your partners?,faq | question,0,1,faq.json,json,Who are your partners?
faq:general:who-is-your-partner,"Q: Who is your partner?
A: We're buddies with tech giants NVIDIA, AWS, and Qualcomm! 🤝 They bring us edge AI, cloud power, and 5G magic to make our robots truly world-class.",customer,general,Frequently Asked Questions,173,Chikku Robotics,faq,Who is your partner?,faq | question,0,1,faq.json,json,Who is your partner?
faq:general:do-you-have-partnerships-with-other-companies,"Q: Do you have partnerships with other companies?
A: Absolutely! 🎊 We're proud NVIDIA Preferred Partners and AWS Robotics Competency Partners. Plus Qualcomm keeps us connected with cutting-edge 5G tech. Best-in-class collaborations all around!",customer,general,Frequently Asked Questions,243,Chikku Robotics,faq,Do you have partnerships with other companies?,faq | question,0,1,faq.json,json,Do you have partnerships with other companies?
faq:general:tell-me-about-your-partners-and-collaborations,"Q: Tell me about your partners and collaborations
A: We've got powerhouse partners! 💪 NVIDIA gives us Jetson Orin for AI, AWS hosts our cloud platform, and Qualcomm delivers blazing 5G. Together we're unstoppable!",customer,general,Frequently Asked Questions,213,Chikku Robotics,faq,Tell me about your partners and collaborations,faq | question,0,1,faq.json,json,Tell me about your partners and collaborations
faq:general:who-founded-chikku-robotics,"Q: Who founded Chikku Robotics?
A: Surender Rangaraju! 🌟 He founded Chikku with a dream to make intelligent robots friendly, approachable, and part of everyday life.",customer,general,Frequently Asked Questions,165,Chikku Robotics,faq,Who founded Chikku Robotics?,faq | question,0,1,faq.json,json,Who founded Chikku Robotics?
faq:general:who-is-the-founder-of-chikku-robotics,"Q: Who is the founder of Chikku Robotics?
A: That's Surender Rangaraju! 🦾 He's our Founder & Chairman, on a mission to build intelligent robots for a smarter, brighter future.",customer,general,Frequently Asked Questions,175,Chikku Robotics,faq,Who is the founder of Chikku Robotics?,faq | question,0,1,faq.json,json,Who is the founder of Chikku Robotics?
faq:general:who-is-your-owner,"Q: Who is your owner?
A: Surender Rangaraju is our Founder & Chairman! 😊 He started Chikku to bring intelligent, human-friendly robots into everyone's daily life.",customer,general,Frequently Asked Questions,162,Chikku Robotics,faq,Who is your owner?,faq | question,0,1,faq.json,json,Who is your owner?
faq:general:who-are-the-directors-of-chikku-robotics,"Q: Who are the directors of Chikku Robotics?
A: Surender Rangaraju, Founder & Chairman, and Mohan, Director! 🎯 They're the dynamic duo steering Chikku toward an amazing AI-powered future.",customer,general,Frequently Asked Questions,187,Chikku Robotics,faq,Who are the directors of Chikku Robotics?,faq | question,0,1,faq.json,json,Who are the directors of Chikku Robotics?
faq:general:who-is-surender-rangaraju,"Q: Who is Surender Rangaraju?
A: He's our incredible Founder & Chairman! 🌟 Surender's passion is building intelligent robots that feel warm, approachable, and truly helpful to society.",customer,general,Frequently Asked Questions,184,Chikku Robotics,faq,Who is Surender Rangaraju?,faq | question,0,1,faq.json,json,Who is Surender Rangaraju?
faq:general:who-is-mohan-at-chikku-robotics,"Q: Who is Mohan at Chikku Robotics?
A: Mohan is our Director and strategic growth wizard! 🚀 He ensures Chikku runs smoothly and keeps pushing us toward excellence in AI and robotics.",customer,general,Frequently Asked Questions,182,Chikku Robotics,faq,Who is Mohan at Chikku Robotics?,faq | question,0,1,faq.json,json,Who is Mohan at Chikku Robotics?
faq:general:what-does-chikku-robotics-do,"Q: What does Chikku Robotics do?
A: We build intelligent robots for a smarter future! 🤖 From service bots and collaborative arms to autonomous vehicles and drones — all powered by our own AI brain.",customer,general,Frequently Asked Questions,197,Chikku Robotics,faq,What does Chikku Robotics do?,faq | question,0,1,faq.json,json,What does Chikku Robotics do?
faq:general:what-does-the-name-chikku-mean,"Q: What does the name Chikku mean?
A: It's named after the sweet sapodilla fruit loved across Asia! 🍈 Just like the fruit, our robots are friendly, human-centered, and naturally delightful.",customer,general,Frequently Asked Questions,189,Chikku Robotics,faq,What does the name Chikku mean?,faq | question,0,1,faq.json,json,What does the name Chikku mean?
faq:general:what-types-of-robots-do-you-make,"Q: What types of robots do you make?
A: We make service robots, collaborative arms, autonomous mobile vehicles, and drone systems! 🤖 Plus we build our own sensors and electronics in-house too.",customer,general,Frequently Asked Questions,192,Chikku Robotics,faq,What types of robots do you make?,faq | question,0,1,faq.json,json,What types of robots do you make?
faq:general:what-ai-technologies-do-you-use,"Q: What AI technologies do you use?
A: Our Chikku Brain runs deep learning, computer vision, NLP, and generative AI — all on-device! 🧠 That means ultra-fast responses, total privacy, and offline smarts.",customer,general,Frequently Asked Questions,202,Chikku Robotics,faq,What AI technologies do you use?,faq | question,0,1,faq.json,json,What AI technologies do you use?
faq:general:are-your-robots-safe-to-work-alongside-humans,"Q: Are your robots safe to work alongside humans?
A: Absolutely, safety is our top priority! 🛡️ Our robots have smart collision detection, 360° LiDAR zones, and meet the strictest international safety standards. You're in good hands!",customer,general,Frequently Asked Questions,233,Chikku Robotics,faq,Are your robots safe to work alongside humans?,faq | question,0,1,faq.json,json,Are your robots safe to work alongside humans?
faq:general:how-much-does-a-chikku-robot-cost,"Q: How much does a Chikku robot cost?
A: Prices vary by model and scale, but we also offer Robot-as-a-Service subscriptions with zero upfront costs! 💰 Reach out to our sales team for a personalized quote.",customer,general,Frequently Asked Questions,204,Chikku Robotics,faq,How much does a Chikku robot cost?,faq | question,0,1,faq.json,json,How much does a Chikku robot cost?
faq:general:what-is-robot-as-a-service-raas,"Q: What is Robot-as-a-Service (RaaS)?
A: It's a monthly subscription instead of buying the robot outright! 📦 Covers hardware, software, maintenance, and upgrades — no big investment, just predictable monthly fees.",customer,general,Frequently Asked Questions,213,Chikku Robotics,faq,What is Robot-as-a-Service (RaaS)?,faq | question,0,1,faq.json,json,What is Robot-as-a-Service (RaaS)?
faq:general:how-long-does-deployment-take,"Q: How long does deployment take?
A: Pretty fast! 🚀 Service robots take one to two weeks, collaborative robots about two to four weeks per cell. We handle the whole setup plus staff training.",customer,general,Frequently Asked Questions,191,Chikku Robotics,faq,How long does deployment take?,faq | question,0,1,faq.json,json,How long does deployment take?
faq:general:where-are-you-located,"Q: Where are you located?
A: Our HQ is in India, with R&D labs in Vietnam and Tamil Nadu! 🌏 We serve customers all around the globe through our sales team and partner network.",customer,general,Frequently Asked Questions,175,Chikku Robotics,faq,Where are you located?,faq | question,0,1,faq.json,json,Where are you located?
faq:general:do-you-provide-training,"Q: Do you provide training?
A: Sure thing! 🎓 We offer hands-on training for operators, programmers, and fleet admins — from two to five days, on-site or at our training centers.",customer,general,Frequently Asked Questions,177,Chikku Robotics,faq,Do you provide training?,faq | question,0,1,faq.json,json,Do you provide training?
faq:general:what-industries-do-you-serve,"Q: What industries do you serve?
A: Manufacturing, healthcare, warehousing, smart cities, agriculture, hospitality, retail — you name it! 🌍 Our robots work hard in over twenty countries across all these sectors.",customer,general,Frequently Asked Questions,211,Chikku Robotics,faq,What industries do you serve?,faq | question,0,1,faq.json,json,What industries do you serve?
faq:general:how-do-i-get-started-with-chikku-robotics,"Q: How do I get started with Chikku Robotics?
A: Easy peasy! 🎉 Book a free Automation Readiness Assessment — we'll check out your operations and build a custom robot roadmap just for you.",customer,general,Frequently Asked Questions,187,Chikku Robotics,faq,How do I get started with Chikku Robotics?,faq | question,0,1,faq.json,json,How do I get started with Chikku Robotics?
faq:general:do-you-offer-custom-robot-development,"Q: Do you offer custom robot development?
A: Yes, for unique needs beyond our standard lineup! 🔧 We do full-cycle custom development from concept to production, made faster with our modular platform approach.",customer,general,Frequently Asked Questions,208,Chikku Robotics,faq,Do you offer custom robot development?,faq | question,0,1,faq.json,json,Do you offer custom robot development?
faq:general:how-do-your-robots-handle-different-languages,"Q: How do your robots handle different languages?
A: Our bots speak over thirty languages naturally! 🌐 English, Mandarin, Japanese, Hindi, Vietnamese — you name it. Real-time translation makes conversations seamless.",customer,general,Frequently Asked Questions,216,Chikku Robotics,faq,How do your robots handle different languages?,faq | question,0,1,faq.json,json,How do your robots handle different languages?
faq:general:what-is-your-warranty-and-support-policy,"Q: What is your warranty and support policy?
A: All robots come with a one-year warranty! 🛠️ We've got extended plans with fast response times and spare parts depots worldwide for quick fixes.",customer,general,Frequently Asked Questions,192,Chikku Robotics,faq,What is your warranty and support policy?,faq | question,0,1,faq.json,json,What is your warranty and support policy?
faq:general:what-are-your-featured-products,"Q: What are your featured products?
A: We've got three stars! ⭐ The Voice AI Kiosk chats with customers, S-Robot cleans solar panels autonomously, and WatchGuard6S guards solar farms 24/7 with AI smarts.",customer,general,Frequently Asked Questions,203,Chikku Robotics,faq,What are your featured products?,faq | question,0,1,faq.json,json,What are your featured products?
faq:general:what-products-does-chikku-robotics-currently-offer,"Q: What products does Chikku Robotics currently offer?
A: Our big three: Voice AI Kiosk for customer interaction, S-Robot for solar cleaning, and WatchGuard6S for security! 🎯 Plus service robots, cobots, drones, and custom AI.",customer,general,Frequently Asked Questions,226,Chikku Robotics,faq,What products does Chikku Robotics currently offer?,faq | question,0,1,faq.json,json,What products does Chikku Robotics currently offer?
faq:general:tell-me-about-your-robotics-products,"Q: Tell me about your robotics products
A: The Voice AI Kiosk charms customers in retail, S-Robot keeps solar panels sparkling clean, and WatchGuard6S never sleeps guarding solar farms! 🤖 We also build cobots, drones, and more.",customer,general,Frequently Asked Questions,227,Chikku Robotics,faq,Tell me about your robotics products,faq | question,0,1,faq.json,json,Tell me about your robotics products
pdfreport:company_overview:company-overview-company-overview-overview,"Company Overview report — company_overview — overview
Company Overview Report — Chikku
Robotics
Table of Contents
1. General Information
2. Mission & Vision
3. Core Values
4. Name Origin & Brand
1. General Information
Attribute Detail
Company Name Chikku Robotics
Headquarters India
Global Offices Ho Chi Minh City, Vietnam; Tamil Nadu, India
Tagline Intelligent Robots for a Smarter Future
2. Mission & Vision",customer,company_overview,Company Overview (PDF report),410,Chikku Robotics,pdfreport,company_overview — overview,pdf | report | company_overview | company_overview — overview,0,1,company_overview.pdf,pdf,company_overview: company_overview — overview
pdfreport:company_overview:company-overview-2-1-mission,"Company Overview report — 2.1 Mission
To make advanced robotics and AI technology approachable, beneficial, and accessible to
businesses and society worldwide.",customer,company_overview,Company Overview (PDF report),159,Chikku Robotics,pdfreport,2.1 Mission,pdf | report | company_overview | 2.1 Mission,0,1,company_overview.pdf,pdf,company_overview: 2.1 Mission
pdfreport:company_overview:company-overview-2-2-vision,"Company Overview report — 2.2 Vision
A world where intelligent robots work alongside humans seamlessly — enhancing productivity,
safety, and quality of life across every industry.
3. Core Values",customer,company_overview,Company Overview (PDF report),194,Chikku Robotics,pdfreport,2.2 Vision,pdf | report | company_overview | 2.2 Vision,0,1,company_overview.pdf,pdf,company_overview: 2.2 Vision
pdfreport:company_overview:company-overview-3-1-human-centered-design,"Company Overview report — 3.1 Human-Centered Design
Every robot we build is designed with people in mind — intuitive, safe, and trustworthy.",customer,company_overview,Company Overview (PDF report),140,Chikku Robotics,pdfreport,3.1 Human-Centered Design,pdf | report | company_overview | 3.1 Human-Centered Design,0,1,company_overview.pdf,pdf,company_overview: 3.1 Human-Centered Design
pdfreport:company_overview:company-overview-3-2-innovation-excellence,"Company Overview report — 3.2 Innovation Excellence
We push the boundaries of what is possible through continuous R&D and breakthrough technologies.",customer,company_overview,Company Overview (PDF report),148,Chikku Robotics,pdfreport,3.2 Innovation Excellence,pdf | report | company_overview | 3.2 Innovation Excellence,0,1,company_overview.pdf,pdf,company_overview: 3.2 Innovation Excellence
pdfreport:company_overview:company-overview-3-3-collaboration,"Company Overview report — 3.3 Collaboration
We partner with universities, governments, and industry leaders to accelerate the robotics revolution.",customer,company_overview,Company Overview (PDF report),146,Chikku Robotics,pdfreport,3.3 Collaboration,pdf | report | company_overview | 3.3 Collaboration,0,1,company_overview.pdf,pdf,company_overview: 3.3 Collaboration
pdfreport:company_overview:company-overview-3-4-sustainability,"Company Overview report — 3.4 Sustainability
Our robots are designed for energy efficiency and long-term environmental responsibility.",customer,company_overview,Company Overview (PDF report),134,Chikku Robotics,pdfreport,3.4 Sustainability,pdf | report | company_overview | 3.4 Sustainability,0,1,company_overview.pdf,pdf,company_overview: 3.4 Sustainability
pdfreport:company_overview:company-overview-3-5-trust-safety,"Company Overview report — 3.5 Trust & Safety
Safety is non-negotiable. All our robots meet international safety standards including ISO 13482 and
ISO 10218.
4. Name Origin & Brand",customer,company_overview,Company Overview (PDF report),179,Chikku Robotics,pdfreport,3.5 Trust & Safety,pdf | report | company_overview | 3.5 Trust & Safety,0,1,company_overview.pdf,pdf,company_overview: 3.5 Trust & Safety
pdfreport:company_overview:company-overview-4-1-inspiration,"Company Overview report — 4.1 Inspiration
Chikku fruit (Manilkara zapota), also known as sapodilla.",customer,company_overview,Company Overview (PDF report),99,Chikku Robotics,pdfreport,4.1 Inspiration,pdf | report | company_overview | 4.1 Inspiration,0,1,company_overview.pdf,pdf,company_overview: 4.1 Inspiration
pdfreport:company_overview:company-overview-4-2-story,"Company Overview report — 4.2 Story
The Chikku fruit, also known as sapodilla, is beloved across Asia for its natural sweetness and
nourishing qualities. Just like the fruit, our robots are designed to be naturally welcoming, trustworthy,
and enriching — seamlessly integrating into human environments to make life better. The name
reflects our philosophy: technology should be as approachable and delightful as biting into a sweet
Chikku.",customer,company_overview,Company Overview (PDF report),439,Chikku Robotics,pdfreport,4.2 Story,pdf | report | company_overview | 4.2 Story,0,1,company_overview.pdf,pdf,company_overview: 4.2 Story
pdfreport:company_overview:company-overview-4-3-pronunciation,"Company Overview report — 4.3 Pronunciation
Chik-koo",customer,company_overview,Company Overview (PDF report),52,Chikku Robotics,pdfreport,4.3 Pronunciation,pdf | report | company_overview | 4.3 Pronunciation,0,1,company_overview.pdf,pdf,company_overview: 4.3 Pronunciation
pdfreport:company_overview:company-overview-4-4-brand-colors,"Company Overview report — 4.4 Brand Colors
Role Color Hex Code
Primary Deep Blue #1A237E
Accent Warm Orange #FF6F00
Document generated from company_overview.json — Chikku Robotics © 2026",customer,company_overview,Company Overview (PDF report),186,Chikku Robotics,pdfreport,4.4 Brand Colors,pdf | report | company_overview | 4.4 Brand Colors,0,1,company_overview.pdf,pdf,company_overview: 4.4 Brand Colors
pdfreport:faq:faq-faq-overview,"Faq report — faq — overview
Frequently Asked Questions — Chikku
Robotics
Table of Contents
1. Leadership & Management
2. Partners & Collaborations
3. Products & Technology
4. Services & Support
5. General Information
1. Leadership & Management",customer,faq,Faq (PDF report),243,Chikku Robotics,pdfreport,faq — overview,pdf | report | faq | faq — overview,0,1,faq.pdf,pdf,faq: faq — overview
pdfreport:faq:faq-1-1-who-founded-chikku-robotics,"Faq report — 1.1 Who founded Chikku Robotics?
Chikku Robotics was founded by Surender Rangaraju, who serves as the Founder & Chairman.
Under his leadership, the company is dedicated to building intelligent robots for a smarter future and
making advanced robotics technology approachable and beneficial for society.",customer,faq,Faq (PDF report),314,Chikku Robotics,pdfreport,1.1 Who founded Chikku Robotics?,pdf | report | faq | 1.1 Who founded Chikku Robotics?,0,1,faq.pdf,pdf,faq: 1.1 Who founded Chikku Robotics?
pdfreport:faq:faq-1-2-who-is-your-leadership-team,"Faq report — 1.2 Who is your leadership team?
Chikku Robotics is led by:
Surender Rangaraju — Founder & Chairman: founded the company and leads its vision to build
intelligent robots for a smarter future.
Mohan — Director: drives the company's strategic growth and operational excellence.
Together they guide our mission to make advanced robotics technology approachable and beneficial
for society.",customer,faq,Faq (PDF report),398,Chikku Robotics,pdfreport,1.2 Who is your leadership team?,pdf | report | faq | 1.2 Who is your leadership team?,0,1,faq.pdf,pdf,faq: 1.2 Who is your leadership team?
pdfreport:faq:faq-1-3-who-is-surender-rangaraju,"Faq report — 1.3 Who is Surender Rangaraju?
Surender Rangaraju is the Founder & Chairman of Chikku Robotics. He leads the company's vision
to build intelligent robots for a smarter future and make advanced technology approachable and
beneficial for society.",customer,faq,Faq (PDF report),257,Chikku Robotics,pdfreport,1.3 Who is Surender Rangaraju?,pdf | report | faq | 1.3 Who is Surender Rangaraju?,0,1,faq.pdf,pdf,faq: 1.3 Who is Surender Rangaraju?
pdfreport:faq:faq-1-4-who-is-mohan-at-chikku-robotics,"Faq report — 1.4 Who is Mohan at Chikku Robotics?
Mohan serves as Director at Chikku Robotics, helping drive the company's strategic growth and
operational excellence in AI and robotics.",customer,faq,Faq (PDF report),186,Chikku Robotics,pdfreport,1.4 Who is Mohan at Chikku Robotics?,pdf | report | faq | 1.4 Who is Mohan at Chikku Robotics?,0,1,faq.pdf,pdf,faq: 1.4 Who is Mohan at Chikku Robotics?
pdfreport:faq:faq-1-5-who-are-the-directors-of-chikku-robotics,"Faq report — 1.5 Who are the directors of Chikku Robotics?
Chikku Robotics is led by Surender Rangaraju (Founder & Chairman) and Mohan (Director).
Together they drive the company's vision and strategic growth in AI and robotics.
2. Partners & Collaborations",customer,faq,Faq (PDF report),257,Chikku Robotics,pdfreport,1.5 Who are the directors of Chikku Robotics?,pdf | report | faq | 1.5 Who are the directors of Chikku Robotics?,0,1,faq.pdf,pdf,faq: 1.5 Who are the directors of Chikku Robotics?
pdfreport:faq:faq-2-1-who-are-your-partners,"Faq report — 2.1 Who are your partners?
Chikku Robotics has strategic technology partnerships with industry leaders:
Partner Domain Details
Provides Jetson Orin GPUs for our Chikku Core ECU
Edge AI
NVIDIA and on-device AI inference. We are an NVIDIA
Computing
Preferred Partner for robotics.
AWS (Amazon Cloud Hosts our Chikku Cloud fleet management platform. We
Web Services) Infrastructure are an AWS Robotics Competency Partner.
Provides 5G modules for ultra-reliable low-latency
Qualcomm Wireless & IoT communication and on-device AI acceleration using
Snapdragon platforms.",customer,faq,Faq (PDF report),578,Chikku Robotics,pdfreport,2.1 Who are your partners?,pdf | report | faq | 2.1 Who are your partners?,0,1,faq.pdf,pdf,faq: 2.1 Who are your partners?
pdfreport:faq:faq-2-2-do-you-have-partnerships-with-other-companies,"Faq report — 2.2 Do you have partnerships with other companies?
Yes! Chikku Robotics partners with NVIDIA (Edge AI Computing — Jetson Orin GPUs), AWS (Cloud
Infrastructure — fleet management), and Qualcomm (5G Wireless & IoT). We are an NVIDIA
Preferred Partner and AWS Robotics Competency Partner. These collaborations ensure our robots are
powered by best-in-class technology.",customer,faq,Faq (PDF report),378,Chikku Robotics,pdfreport,2.2 Do you have partnerships with other companies?,pdf | report | faq | 2.2 Do you have partnerships with other companies?,0,1,faq.pdf,pdf,faq: 2.2 Do you have partnerships with other companies?
pdfreport:faq:faq-2-3-tell-me-about-your-partners-and-collaborations,"Faq report — 2.3 Tell me about your partners and collaborations
Chikku Robotics partners with global technology leaders: NVIDIA (Edge AI Computing — provides
Jetson Orin GPUs for our Chikku Core ECU, we are an NVIDIA Preferred Partner), AWS (Cloud
Infrastructure — hosts our Chikku Cloud fleet management, we are an AWS Robotics Competency
Partner), and Qualcomm (Wireless & IoT — 5G modules and Snapdragon AI acceleration). These
strategic partnerships enhance our robot capabilities and expand our ecosystem.
3. Products & Technology",customer,faq,Faq (PDF report),535,Chikku Robotics,pdfreport,2.3 Tell me about your partners and collaborations,pdf | report | faq | 2.3 Tell me about your partners and collaborations,0,1,faq.pdf,pdf,faq: 2.3 Tell me about your partners and collaborations
pdfreport:faq:faq-3-1-what-does-chikku-robotics-do,"Faq report — 3.1 What does Chikku Robotics do?
Chikku Robotics designs and manufactures intelligent robots for a smarter future. We build service
robots, collaborative robots (cobots), autonomous vehicles, drones, and the AI software platforms that
power them. Our mission is to make advanced robotics technology approachable and beneficial for
society.",customer,faq,Faq (PDF report),353,Chikku Robotics,pdfreport,3.1 What does Chikku Robotics do?,pdf | report | faq | 3.1 What does Chikku Robotics do?,0,1,faq.pdf,pdf,faq: 3.1 What does Chikku Robotics do?
pdfreport:faq:faq-3-2-what-are-your-featured-products,"Faq report — 3.2 What are your featured products?
Chikku Robotics has three flagship products:
Product Description
A smart humanoid kiosk robot with natural real-time voice interaction,
Chikku Voice AI deployed in restaurants, hotels, supermarkets, and shopping malls for
Kiosk customer service and navigation. It uses Hybrid RAG architecture combining
Vector Search and Knowledge Graph for accurate query understanding.
An autonomous solar panel cleaning robot that maximizes energy absorption
S-Robot by keeping panels dust-free without chemicals or manual labor, suitable for
rooftop and utility-scale solar farms.
Product Description
An AI-integrated 24/7 security and surveillance robot for solar farms,
WatchGuard6S equipped with thermal imaging, high-resolution cameras, and autonomous
patrolling to detect intrusions and equipment failures in real time.",customer,faq,Faq (PDF report),861,Chikku Robotics,pdfreport,3.2 What are your featured products?,pdf | report | faq | 3.2 What are your featured products?,0,1,faq.pdf,pdf,faq: 3.2 What are your featured products?
pdfreport:faq:faq-3-3-what-types-of-robots-do-you-make,"Faq report — 3.3 What types of robots do you make?
We manufacture four main categories:
1. Service Robots — for hospitality, healthcare, and retail
2. Collaborative Robots (Cobots) — for manufacturing and assembly
3. Autonomous Mobile Robots and Vehicles — for warehousing and logistics
4. Drone Systems — for inspection and delivery
We also build our own embedded electronics and sensor modules.",customer,faq,Faq (PDF report),396,Chikku Robotics,pdfreport,3.3 What types of robots do you make?,pdf | report | faq | 3.3 What types of robots do you make?,0,1,faq.pdf,pdf,faq: 3.3 What types of robots do you make?
pdfreport:faq:faq-3-4-what-ai-technologies-do-you-use,"Faq report — 3.4 What AI technologies do you use?
Our Chikku Brain AI platform integrates:
Deep Learning
Reinforcement Learning
Computer Vision
Natural Language Processing
Generative AI
All AI runs on-device (edge computing) for low latency, privacy, and offline capability.",customer,faq,Faq (PDF report),274,Chikku Robotics,pdfreport,3.4 What AI technologies do you use?,pdf | report | faq | 3.4 What AI technologies do you use?,0,1,faq.pdf,pdf,faq: 3.4 What AI technologies do you use?
pdfreport:faq:faq-3-5-are-your-robots-safe-to-work-alongside-humans,"Faq report — 3.5 Are your robots safe to work alongside humans?
Absolutely. Safety is our highest priority:
All collaborative robots feature force-limited joints with real-time collision detection
Mobile robots use 360° LiDAR safety zones
We comply with international safety standards including ISO 13482, ISO 10218, ISO 13849 (up to
PL e/SIL 3), and IEC 61508
4. Services & Support",customer,faq,Faq (PDF report),382,Chikku Robotics,pdfreport,3.5 Are your robots safe to work alongside humans?,pdf | report | faq | 3.5 Are your robots safe to work alongside humans?,0,1,faq.pdf,pdf,faq: 3.5 Are your robots safe to work alongside humans?
pdfreport:faq:faq-4-1-what-is-robot-as-a-service-raas,"Faq report — 4.1 What is Robot-as-a-Service (RaaS)?
RaaS is a subscription model where you pay a monthly fee for robot deployment instead of purchasing
hardware upfront. The fee covers the robot hardware, software, maintenance, support, and regular
upgrades. This eliminates capital expenditure and reduces deployment risk. RaaS plans are available
for all our products.",customer,faq,Faq (PDF report),370,Chikku Robotics,pdfreport,4.1 What is Robot-as-a-Service (RaaS)?,pdf | report | faq | 4.1 What is Robot-as-a-Service (RaaS)?,0,1,faq.pdf,pdf,faq: 4.1 What is Robot-as-a-Service (RaaS)?
pdfreport:faq:faq-4-2-how-much-does-a-chikku-robot-cost,"Faq report — 4.2 How much does a Chikku robot cost?
Pricing varies by model, configuration, and deployment scale. We also offer Robot-as-a-Service
(RaaS) subscription options with no upfront capital expenditure. Contact our sales team for a
customized quote.",customer,faq,Faq (PDF report),258,Chikku Robotics,pdfreport,4.2 How much does a Chikku robot cost?,pdf | report | faq | 4.2 How much does a Chikku robot cost?,0,1,faq.pdf,pdf,faq: 4.2 How much does a Chikku robot cost?
pdfreport:faq:faq-4-3-how-long-does-deployment-take,"Faq report — 4.3 How long does deployment take?
Robot Type Typical Deployment Timeline
Service Robots 1–2 weeks per site
Cobots 2–4 weeks per cell (including programming)
AMRs 2–4 weeks for facility mapping and integration
Drones 2–3 weeks for site survey and flight path planning
We handle everything from installation to staff training.",customer,faq,Faq (PDF report),338,Chikku Robotics,pdfreport,4.3 How long does deployment take?,pdf | report | faq | 4.3 How long does deployment take?,0,1,faq.pdf,pdf,faq: 4.3 How long does deployment take?
pdfreport:faq:faq-4-4-do-you-provide-training,"Faq report — 4.4 Do you provide training?
Yes! We offer comprehensive training programs:
Program Duration
Robot Operator Training 2 days
Robot Programming Certification 5 days
AI & Computer Vision Workshop 3 days
Fleet Management Administration 2 days
Program Duration
Train-the-Trainer Certification 5 days + ongoing support
All programs available on-site or at our training centers.",customer,faq,Faq (PDF report),384,Chikku Robotics,pdfreport,4.4 Do you provide training?,pdf | report | faq | 4.4 Do you provide training?,0,1,faq.pdf,pdf,faq: 4.4 Do you provide training?
pdfreport:faq:faq-4-5-what-is-your-warranty-and-support-policy,"Faq report — 4.5 What is your warranty and support policy?
All our robots come with a standard 1-year warranty covering parts and labor. Extended warranty
and premium support plans are available with SLAs ranging from 4-hour response to next-business-
day. We maintain spare parts depots globally for fast replacement.",customer,faq,Faq (PDF report),318,Chikku Robotics,pdfreport,4.5 What is your warranty and support policy?,pdf | report | faq | 4.5 What is your warranty and support policy?,0,1,faq.pdf,pdf,faq: 4.5 What is your warranty and support policy?
pdfreport:faq:faq-4-6-do-you-offer-custom-robot-development,"Faq report — 4.6 Do you offer custom robot development?
Yes. For unique requirements that off-the-shelf products cannot address, we offer full-cycle custom
robot development — from concept design to prototyping, testing, and production. Our modular
platform approach significantly reduces custom development time and cost.
5. General Information",customer,faq,Faq (PDF report),345,Chikku Robotics,pdfreport,4.6 Do you offer custom robot development?,pdf | report | faq | 4.6 Do you offer custom robot development?,0,1,faq.pdf,pdf,faq: 4.6 Do you offer custom robot development?
pdfreport:faq:faq-5-1-what-does-the-name-chikku-mean,"Faq report — 5.1 What does the name Chikku mean?
Chikku is named after the Chikku fruit (also known as sapodilla), which is loved across Asia for its
natural sweetness. Just like the fruit, our robots are designed to be human-centered, friendly, and
trustworthy — seamlessly integrating into daily life.",customer,faq,Faq (PDF report),303,Chikku Robotics,pdfreport,5.1 What does the name Chikku mean?,pdf | report | faq | 5.1 What does the name Chikku mean?,0,1,faq.pdf,pdf,faq: 5.1 What does the name Chikku mean?
pdfreport:faq:faq-5-2-where-are-you-located,"Faq report — 5.2 Where are you located?
Our headquarters is in India. We have offices and R&D labs in Ho Chi Minh City (Vietnam) and
Tamil Nadu (India). We serve customers globally through our direct sales team and partner network.",customer,faq,Faq (PDF report),231,Chikku Robotics,pdfreport,5.2 Where are you located?,pdf | report | faq | 5.2 Where are you located?,0,1,faq.pdf,pdf,faq: 5.2 Where are you located?
pdfreport:faq:faq-5-3-what-industries-do-you-serve,"Faq report — 5.3 What industries do you serve?
We provide solutions for:
Smart Manufacturing
Healthcare
Warehousing & Logistics
Smart Cities
Agriculture
Hospitality
Retail
Our robots are deployed in over 20 countries across these sectors.",customer,faq,Faq (PDF report),238,Chikku Robotics,pdfreport,5.3 What industries do you serve?,pdf | report | faq | 5.3 What industries do you serve?,0,1,faq.pdf,pdf,faq: 5.3 What industries do you serve?
pdfreport:faq:faq-5-4-how-do-i-get-started-with-chikku-robotics,"Faq report — 5.4 How do I get started with Chikku Robotics?
The best way to start is with our Automation Readiness Assessment — a free consultation where
we evaluate your operations, identify automation opportunities, and build a customized roadmap.
Contact us at admin@chikkurobotics.com or visit our website to schedule a consultation.",customer,faq,Faq (PDF report),337,Chikku Robotics,pdfreport,5.4 How do I get started with Chikku Robotics?,pdf | report | faq | 5.4 How do I get started with Chikku Robotics?,0,1,faq.pdf,pdf,faq: 5.4 How do I get started with Chikku Robotics?
pdfreport:faq:faq-5-5-how-do-your-robots-handle-different-languages,"Faq report — 5.5 How do your robots handle different languages?
Our service robots support natural voice interaction in 30+ languages, including English, Mandarin,
Japanese, Korean, Vietnamese, Thai, Hindi, German, French, Spanish, and Arabic. The GuideBot G1
also features real-time translation capabilities.
Document generated from faq.json — Chikku Robotics © 2026",customer,faq,Faq (PDF report),367,Chikku Robotics,pdfreport,5.5 How do your robots handle different languages?,pdf | report | faq | 5.5 How do your robots handle different languages?,0,1,faq.pdf,pdf,faq: 5.5 How do your robots handle different languages?
pdfreport:identity:identity-identity-overview,"Identity report — identity — overview
Brand Identity Report — Chikku Robotics
Table of Contents
1. Brand
2. Leadership
3. Name Origin
4. Bot Introduction
1. Brand",customer,identity,Identity (PDF report),162,Chikku Robotics,pdfreport,identity — overview,pdf | report | identity | identity — overview,0,1,identity.pdf,pdf,identity: identity — overview
pdfreport:identity:identity-1-1-brand-name,"Identity report — 1.1 Brand Name
Chikku Robotics",customer,identity,Identity (PDF report),48,Chikku Robotics,pdfreport,1.1 Brand Name,pdf | report | identity | 1.1 Brand Name,0,1,identity.pdf,pdf,identity: 1.1 Brand Name
pdfreport:identity:identity-1-2-tagline,"Identity report — 1.2 Tagline
Intelligent Robots for a Smarter Future",customer,identity,Identity (PDF report),69,Chikku Robotics,pdfreport,1.2 Tagline,pdf | report | identity | 1.2 Tagline,0,1,identity.pdf,pdf,identity: 1.2 Tagline
pdfreport:identity:identity-1-3-description,"Identity report — 1.3 Description
Chikku Robotics is an AI and robotics company dedicated to building intelligent robots for a smarter
future. We make advanced technology approachable and beneficial for society.
2. Leadership",customer,identity,Identity (PDF report),225,Chikku Robotics,pdfreport,1.3 Description,pdf | report | identity | 1.3 Description,0,1,identity.pdf,pdf,identity: 1.3 Description
pdfreport:identity:identity-2-1-founder-chairman,"Identity report — 2.1 Founder & Chairman
Attribute Detail
Name Surender Rangaraju
Title Founder & Chairman
Surender Rangaraju is the Founder & Chairman of Chikku Robotics, leading the
Description
company's vision to build intelligent robots for a smarter future.",customer,identity,Identity (PDF report),262,Chikku Robotics,pdfreport,2.1 Founder & Chairman,pdf | report | identity | 2.1 Founder & Chairman,0,1,identity.pdf,pdf,identity: 2.1 Founder & Chairman
pdfreport:identity:identity-2-2-director,"Identity report — 2.2 Director
Attribute Detail
Name Mohan
Title Director
Mohan serves as Director at Chikku Robotics, helping drive the company's
Description
strategic growth and operational excellence.
3. Name Origin",customer,identity,Identity (PDF report),218,Chikku Robotics,pdfreport,2.2 Director,pdf | report | identity | 2.2 Director,0,1,identity.pdf,pdf,identity: 2.2 Director
pdfreport:identity:identity-3-1-inspiration,"Identity report — 3.1 Inspiration
Chikku fruit (sapodilla)",customer,identity,Identity (PDF report),58,Chikku Robotics,pdfreport,3.1 Inspiration,pdf | report | identity | 3.1 Inspiration,0,1,identity.pdf,pdf,identity: 3.1 Inspiration
pdfreport:identity:identity-3-2-meaning,"Identity report — 3.2 Meaning
My name is inspired by the Chikku fruit, which is loved for its natural sweetness. Just like the fruit,
Chikku Robotics focuses on creating human-centered, friendly, and trustworthy robots that easily
integrate into your daily life.
4. Bot Introduction",customer,identity,Identity (PDF report),282,Chikku Robotics,pdfreport,3.2 Meaning,pdf | report | identity | 3.2 Meaning,0,1,identity.pdf,pdf,identity: 3.2 Meaning
pdfreport:identity:identity-4-1-greeting,"Identity report — 4.1 Greeting
""Hello, I am Chikku! I am an intelligent service robot representing Chikku Robotics.""",customer,identity,Identity (PDF report),116,Chikku Robotics,pdfreport,4.1 Greeting,pdf | report | identity | 4.1 Greeting,0,1,identity.pdf,pdf,identity: 4.1 Greeting
pdfreport:identity:identity-4-2-mission,"Identity report — 4.2 Mission
""Our company is dedicated to building Intelligent Robots for a Smarter Future. We want to make
advanced technology approachable and beneficial for society.""
Document generated from identity.json — Chikku Robotics © 2026",customer,identity,Identity (PDF report),249,Chikku Robotics,pdfreport,4.2 Mission,pdf | report | identity | 4.2 Mission,0,1,identity.pdf,pdf,identity: 4.2 Mission
pdfreport:partnerships:partnerships-partnerships-overview,"Partnerships report — partnerships — overview
Technology Partnerships Report —
Chikku Robotics
Table of Contents
1. Overview
2. NVIDIA — Edge AI Computing
3. AWS — Cloud Infrastructure
4. Qualcomm — Wireless & IoT
1. Overview
Strategic technology partnerships that enhance our robot capabilities and expand our ecosystem.
Partner Domain Partnership Level
NVIDIA Edge AI Computing NVIDIA Preferred Partner (Robotics)
AWS Cloud Infrastructure AWS Robotics Competency Partner
Qualcomm Wireless & IoT Technology Partner
2. NVIDIA — Edge AI Computing",customer,partnerships,Partnerships (PDF report),545,Chikku Robotics,pdfreport,partnerships — overview,pdf | report | partnerships | partnerships — overview,0,1,partnerships.pdf,pdf,partnerships: partnerships — overview
pdfreport:partnerships:partnerships-2-1-description,"Partnerships report — 2.1 Description
NVIDIA provides the GPU computing platform (Jetson Orin) that powers our Chikku Core ECU and
on-device AI inference. We are an NVIDIA Preferred Partner for robotics.",customer,partnerships,Partnerships (PDF report),203,Chikku Robotics,pdfreport,2.1 Description,pdf | report | partnerships | 2.1 Description,0,1,partnerships.pdf,pdf,partnerships: 2.1 Description
pdfreport:partnerships:partnerships-2-2-collaboration,"Partnerships report — 2.2 Collaboration
Co-development of optimized AI models for Jetson platform
Early access to next-generation edge AI hardware
3. AWS (Amazon Web Services) — Cloud
Infrastructure",customer,partnerships,Partnerships (PDF report),198,Chikku Robotics,pdfreport,2.2 Collaboration,pdf | report | partnerships | 2.2 Collaboration,0,1,partnerships.pdf,pdf,partnerships: 2.2 Collaboration
pdfreport:partnerships:partnerships-3-1-description,"Partnerships report — 3.1 Description
AWS hosts our Chikku Cloud fleet management platform. Provides scalable compute, storage, and
ML training infrastructure.",customer,partnerships,Partnerships (PDF report),159,Chikku Robotics,pdfreport,3.1 Description,pdf | report | partnerships | 3.1 Description,0,1,partnerships.pdf,pdf,partnerships: 3.1 Description
pdfreport:partnerships:partnerships-3-2-collaboration,"Partnerships report — 3.2 Collaboration
AWS Robotics Competency Partner
Joint go-to-market for manufacturing and logistics customers
4. Qualcomm — Wireless & IoT",customer,partnerships,Partnerships (PDF report),161,Chikku Robotics,pdfreport,3.2 Collaboration,pdf | report | partnerships | 3.2 Collaboration,0,1,partnerships.pdf,pdf,partnerships: 3.2 Collaboration
pdfreport:partnerships:partnerships-4-1-description,"Partnerships report — 4.1 Description
Qualcomm 5G modules enable ultra-reliable low-latency communication for our autonomous vehicles
and remote teleoperation.",customer,partnerships,Partnerships (PDF report),159,Chikku Robotics,pdfreport,4.1 Description,pdf | report | partnerships | 4.1 Description,0,1,partnerships.pdf,pdf,partnerships: 4.1 Description
pdfreport:partnerships:partnerships-4-2-collaboration,"Partnerships report — 4.2 Collaboration
5G-enabled robot connectivity
On-device AI acceleration using Snapdragon platforms
Document generated from partnerships.json — Chikku Robotics © 2026",customer,partnerships,Partnerships (PDF report),189,Chikku Robotics,pdfreport,4.2 Collaboration,pdf | report | partnerships | 4.2 Collaboration,0,1,partnerships.pdf,pdf,partnerships: 4.2 Collaboration
pdfreport:products:products-products-overview,"Products report — products — overview
Products Report — Chikku Robotics
Table of Contents
1. Product Portfolio Overview
2. Hardware & Robotic Systems
3. AI & Software Platforms
4. Featured Product — Chikku Voice AI Kiosk
5. Featured Product — S-Robot
6. Featured Product — WatchGuard6S
1. Product Portfolio Overview
Chikku Robotics designs and manufactures a wide variety of robotic systems. This includes service
robots, collaborative robots, drones, and autonomous vehicles. We also build the underlying electronic
systems, sensors, and embedded devices that power them. On the software side, we specialize in
Artificial Intelligence, Machine Learning, Computer Vision, and Generative AI.
2. Hardware & Robotic Systems",customer,products,Products (PDF report),720,Chikku Robotics,pdfreport,products — overview,pdf | report | products | products — overview,0,1,products.pdf,pdf,products: products — overview
pdfreport:products:products-2-1-product-list,"Products report — 2.1 Product List
No. Category",customer,products,Products (PDF report),47,Chikku Robotics,pdfreport,2.1 Product List,pdf | report | products | 2.1 Product List,0,1,products.pdf,pdf,products: 2.1 Product List
pdfreport:products:products-1-service-robots,Products report — 1 Service Robots,customer,products,Products (PDF report),34,Chikku Robotics,pdfreport,1 Service Robots,pdf | report | products | 1 Service Robots,0,1,products.pdf,pdf,products: 1 Service Robots
pdfreport:products:products-2-collaborative-robots-cobots,Products report — 2 Collaborative Robots (Cobots),customer,products,Products (PDF report),49,Chikku Robotics,pdfreport,2 Collaborative Robots (Cobots),pdf | report | products | 2 Collaborative Robots (Cobots),0,1,products.pdf,pdf,products: 2 Collaborative Robots (Cobots)
pdfreport:products:products-3-drones,Products report — 3 Drones,customer,products,Products (PDF report),26,Chikku Robotics,pdfreport,3 Drones,pdf | report | products | 3 Drones,0,1,products.pdf,pdf,products: 3 Drones
pdfreport:products:products-4-autonomous-vehicles,"Products report — 4 Autonomous Vehicles
No. Category",customer,products,Products (PDF report),52,Chikku Robotics,pdfreport,4 Autonomous Vehicles,pdf | report | products | 4 Autonomous Vehicles,0,1,products.pdf,pdf,products: 4 Autonomous Vehicles
pdfreport:products:products-5-electronic-systems,Products report — 5 Electronic Systems,customer,products,Products (PDF report),38,Chikku Robotics,pdfreport,5 Electronic Systems,pdf | report | products | 5 Electronic Systems,0,1,products.pdf,pdf,products: 5 Electronic Systems
pdfreport:products:products-6-sensors,Products report — 6 Sensors,customer,products,Products (PDF report),27,Chikku Robotics,pdfreport,6 Sensors,pdf | report | products | 6 Sensors,0,1,products.pdf,pdf,products: 6 Sensors
pdfreport:products:products-7-embedded-devices,Products report — 7 Embedded Devices,customer,products,Products (PDF report),36,Chikku Robotics,pdfreport,7 Embedded Devices,pdf | report | products | 7 Embedded Devices,0,1,products.pdf,pdf,products: 7 Embedded Devices
pdfreport:products:products-8-chikku-voice-ai-kiosk,Products report — 8 Chikku Voice AI Kiosk,customer,products,Products (PDF report),41,Chikku Robotics,pdfreport,8 Chikku Voice AI Kiosk,pdf | report | products | 8 Chikku Voice AI Kiosk,0,1,products.pdf,pdf,products: 8 Chikku Voice AI Kiosk
pdfreport:products:products-9-s-robot,Products report — 9 S-Robot,customer,products,Products (PDF report),27,Chikku Robotics,pdfreport,9 S-Robot,pdf | report | products | 9 S-Robot,0,1,products.pdf,pdf,products: 9 S-Robot
pdfreport:products:products-10-watchguard6s,Products report — 10 WatchGuard6S,customer,products,Products (PDF report),33,Chikku Robotics,pdfreport,10 WatchGuard6S,pdf | report | products | 10 WatchGuard6S,0,1,products.pdf,pdf,products: 10 WatchGuard6S
pdfreport:products:products-2-2-description,"Products report — 2.2 Description
We design and manufacture a wide variety of robotic systems. This includes service robots,
collaborative robots, drones, and autonomous vehicles. We also build the underlying electronic
systems, sensors, and embedded devices that power them.
3. AI & Software Platforms",customer,products,Products (PDF report),302,Chikku Robotics,pdfreport,2.2 Description,pdf | report | products | 2.2 Description,0,1,products.pdf,pdf,products: 2.2 Description
pdfreport:products:products-3-1-technologies,"Products report — 3.1 Technologies
No. Technology",customer,products,Products (PDF report),49,Chikku Robotics,pdfreport,3.1 Technologies,pdf | report | products | 3.1 Technologies,0,1,products.pdf,pdf,products: 3.1 Technologies
pdfreport:products:products-1-artificial-intelligence,Products report — 1 Artificial Intelligence,customer,products,Products (PDF report),43,Chikku Robotics,pdfreport,1 Artificial Intelligence,pdf | report | products | 1 Artificial Intelligence,0,1,products.pdf,pdf,products: 1 Artificial Intelligence
pdfreport:products:products-2-machine-learning,Products report — 2 Machine Learning,customer,products,Products (PDF report),36,Chikku Robotics,pdfreport,2 Machine Learning,pdf | report | products | 2 Machine Learning,0,1,products.pdf,pdf,products: 2 Machine Learning
pdfreport:products:products-3-computer-vision,Products report — 3 Computer Vision,customer,products,Products (PDF report),35,Chikku Robotics,pdfreport,3 Computer Vision,pdf | report | products | 3 Computer Vision,0,1,products.pdf,pdf,products: 3 Computer Vision
pdfreport:products:products-4-generative-ai,Products report — 4 Generative AI,customer,products,Products (PDF report),33,Chikku Robotics,pdfreport,4 Generative AI,pdf | report | products | 4 Generative AI,0,1,products.pdf,pdf,products: 4 Generative AI
pdfreport:products:products-5-robotic-operating-systems,Products report — 5 Robotic Operating Systems,customer,products,Products (PDF report),45,Chikku Robotics,pdfreport,5 Robotic Operating Systems,pdf | report | products | 5 Robotic Operating Systems,0,1,products.pdf,pdf,products: 5 Robotic Operating Systems
pdfreport:products:products-6-edge-ai-solutions,Products report — 6 Edge AI Solutions,customer,products,Products (PDF report),37,Chikku Robotics,pdfreport,6 Edge AI Solutions,pdf | report | products | 6 Edge AI Solutions,0,1,products.pdf,pdf,products: 6 Edge AI Solutions
pdfreport:products:products-7-cloud-based-platforms,Products report — 7 Cloud-based Platforms,customer,products,Products (PDF report),41,Chikku Robotics,pdfreport,7 Cloud-based Platforms,pdf | report | products | 7 Cloud-based Platforms,0,1,products.pdf,pdf,products: 7 Cloud-based Platforms
pdfreport:products:products-3-2-description,"Products report — 3.2 Description
On the software side, we specialize in Artificial Intelligence, Machine Learning, Computer Vision, and
Generative AI. We develop robust robotic operating systems, edge AI solutions, and cloud-based
platforms to bring our hardware to life.
4. Featured Product — Chikku Voice AI Kiosk",customer,products,Products (PDF report),316,Chikku Robotics,pdfreport,3.2 Description,pdf | report | products | 3.2 Description,0,1,products.pdf,pdf,products: 3.2 Description
pdfreport:products:products-4-1-overview,"Products report — 4.1 Overview
Attribute Detail
Category Service Robot
Smart humanoid kiosk robot with natural real-time voice interaction for commercial
Tagline
environments.",customer,products,Products (PDF report),175,Chikku Robotics,pdfreport,4.1 Overview,pdf | report | products | 4.1 Overview,0,1,products.pdf,pdf,products: 4.1 Overview
pdfreport:products:products-4-2-description,"Products report — 4.2 Description
Chikku Voice AI Kiosk is a smart humanoid kiosk robot that functions as a professional virtual
assistant. It engages customers in natural, real-time voice conversations, providing seamless
information retrieval. Powered by a Hybrid RAG architecture combining Vector Search (semantic
retrieval) and Knowledge Graph (relational retrieval), it accurately handles both standard Q&A and
complex cross-logical queries.",customer,products,Products (PDF report),446,Chikku Robotics,pdfreport,4.2 Description,pdf | report | products | 4.2 Description,0,1,products.pdf,pdf,products: 4.2 Description
pdfreport:products:products-4-3-target-environments,"Products report — 4.3 Target Environments
1. Restaurants
2. Hotels
3. Supermarkets
4. Shopping Malls",customer,products,Products (PDF report),100,Chikku Robotics,pdfreport,4.3 Target Environments,pdf | report | products | 4.3 Target Environments,0,1,products.pdf,pdf,products: 4.3 Target Environments
pdfreport:products:products-4-4-core-technologies,"Products report — 4.4 Core Technologies
No. Technology",customer,products,Products (PDF report),54,Chikku Robotics,pdfreport,4.4 Core Technologies,pdf | report | products | 4.4 Core Technologies,0,1,products.pdf,pdf,products: 4.4 Core Technologies
pdfreport:products:products-1-hybrid-rag-architecture,"Products report — 1 Hybrid RAG Architecture
No. Technology",customer,products,Products (PDF report),58,Chikku Robotics,pdfreport,1 Hybrid RAG Architecture,pdf | report | products | 1 Hybrid RAG Architecture,0,1,products.pdf,pdf,products: 1 Hybrid RAG Architecture
pdfreport:products:products-2-vector-search-semantic-retrieval,Products report — 2 Vector Search (Semantic Retrieval),customer,products,Products (PDF report),54,Chikku Robotics,pdfreport,2 Vector Search (Semantic Retrieval),pdf | report | products | 2 Vector Search (Semantic Retrieval),0,1,products.pdf,pdf,products: 2 Vector Search (Semantic Retrieval)
pdfreport:products:products-3-knowledge-graph-relational-retrieval,Products report — 3 Knowledge Graph (Relational Retrieval),customer,products,Products (PDF report),58,Chikku Robotics,pdfreport,3 Knowledge Graph (Relational Retrieval),pdf | report | products | 3 Knowledge Graph (Relational Retrieval),0,1,products.pdf,pdf,products: 3 Knowledge Graph (Relational Retrieval)
pdfreport:products:products-4-real-time-voice-interaction,Products report — 4 Real-time Voice Interaction,customer,products,Products (PDF report),47,Chikku Robotics,pdfreport,4 Real-time Voice Interaction,pdf | report | products | 4 Real-time Voice Interaction,0,1,products.pdf,pdf,products: 4 Real-time Voice Interaction
pdfreport:products:products-5-pos-system-integration,Products report — 5 POS System Integration,customer,products,Products (PDF report),42,Chikku Robotics,pdfreport,5 POS System Integration,pdf | report | products | 5 POS System Integration,0,1,products.pdf,pdf,products: 5 POS System Integration
pdfreport:products:products-4-5-key-features,"Products report — 4.5 Key Features
1. Natural real-time voice conversations with customers
2. Menu and ingredient Q&A with allergy information
3. Dynamic pricing and policy information retrieval
4. Dish recommendation based on taste preferences
5. Indoor floor plans and spatial positioning
6. Turn-by-turn navigation to specific zones or booths
7. Location-based product category queries
8. Real-time stock level and pricing synchronization via POS integration",customer,products,Products (PDF report),461,Chikku Robotics,pdfreport,4.5 Key Features,pdf | report | products | 4.5 Key Features,0,1,products.pdf,pdf,products: 4.5 Key Features
pdfreport:products:products-4-6-use-cases,Products report — 4.6 Use Cases,customer,products,Products (PDF report),31,Chikku Robotics,pdfreport,4.6 Use Cases,pdf | report | products | 4.6 Use Cases,0,1,products.pdf,pdf,products: 4.6 Use Cases
pdfreport:products:products-4-6-1-restaurants-f-b,"Products report — 4.6.1 Restaurants / F&B
Detailed Q&A about menus, ingredients, flavors, and allergy info
Up-to-date pricing and restaurant policy inquiries
Dish recommendations based on preferred ingredients or tastes",customer,products,Products (PDF report),219,Chikku Robotics,pdfreport,4.6.1 Restaurants / F&B,pdf | report | products | 4.6.1 Restaurants / F&B,0,1,products.pdf,pdf,products: 4.6.1 Restaurants / F&B
pdfreport:products:products-4-6-2-supermarkets-shopping-malls,"Products report — 4.6.2 Supermarkets / Shopping Malls
Floor plans and spatial positioning information
Turn-by-turn navigation to specific zones or retail booths
Location queries by product category (nearest booth from user's location)
5. Featured Product — S-Robot",customer,products,Products (PDF report),264,Chikku Robotics,pdfreport,4.6.2 Supermarkets / Shopping Malls,pdf | report | products | 4.6.2 Supermarkets / Shopping Malls,0,1,products.pdf,pdf,products: 4.6.2 Supermarkets / Shopping Malls
pdfreport:products:products-5-1-overview,"Products report — 5.1 Overview
Attribute Detail
Category Solar Panel Cleaning Robot
Automated solar panel cleaning robot maximizing energy absorption and power
Tagline
output.",customer,products,Products (PDF report),175,Chikku Robotics,pdfreport,5.1 Overview,pdf | report | products | 5.1 Overview,0,1,products.pdf,pdf,products: 5.1 Overview
pdfreport:products:products-5-2-description,"Products report — 5.2 Description
S-Robot is a specialized robot designed for cleaning solar panels. It automates the maintenance
process to keep solar panel surfaces consistently clean, maximizing solar energy absorption efficiency
and power output. Deployable on rooftop solar installations (residential, commercial) and utility-scale
solar farms.",customer,products,Products (PDF report),349,Chikku Robotics,pdfreport,5.2 Description,pdf | report | products | 5.2 Description,0,1,products.pdf,pdf,products: 5.2 Description
pdfreport:products:products-5-3-target-environments,"Products report — 5.3 Target Environments
1. Rooftop solar installations — residential & commercial
2. Utility-scale solar farms",customer,products,Products (PDF report),128,Chikku Robotics,pdfreport,5.3 Target Environments,pdf | report | products | 5.3 Target Environments,0,1,products.pdf,pdf,products: 5.3 Target Environments
pdfreport:products:products-5-4-core-technologies,"Products report — 5.4 Core Technologies
No. Technology",customer,products,Products (PDF report),54,Chikku Robotics,pdfreport,5.4 Core Technologies,pdf | report | products | 5.4 Core Technologies,0,1,products.pdf,pdf,products: 5.4 Core Technologies
pdfreport:products:products-1-autonomous-scheduled-operation,Products report — 1 Autonomous scheduled operation,customer,products,Products (PDF report),50,Chikku Robotics,pdfreport,1 Autonomous scheduled operation,pdf | report | products | 1 Autonomous scheduled operation,0,1,products.pdf,pdf,products: 1 Autonomous scheduled operation
pdfreport:products:products-2-water-optimized-dry-cleaning-technology,Products report — 2 Water-optimized / dry-cleaning technology,customer,products,Products (PDF report),61,Chikku Robotics,pdfreport,2 Water-optimized / dry-cleaning technology,pdf | report | products | 2 Water-optimized / dry-cleaning technology,0,1,products.pdf,pdf,products: 2 Water-optimized / dry-cleaning technology
pdfreport:products:products-3-chemical-free-cleaning-mechanism,Products report — 3 Chemical-free cleaning mechanism,customer,products,Products (PDF report),52,Chikku Robotics,pdfreport,3 Chemical-free cleaning mechanism,pdf | report | products | 3 Chemical-free cleaning mechanism,0,1,products.pdf,pdf,products: 3 Chemical-free cleaning mechanism
pdfreport:products:products-5-5-key-features,"Products report — 5.5 Key Features
1. Replaces manual labor for cleaning dust, sand, leaves, and bird droppings
2. Eliminates occupational hazards on high rooftops and steep slopes
3. Operates automatically on schedule without human supervision
4. Cleans significantly faster than manual methods
5. Prevents micro-cracks and glass scratching from human foot traffic
6. Chemical-free operation protecting anti-reflective coatings and ecosystem
7. Optimized water consumption or dry-cleaning capability",customer,products,Products (PDF report),500,Chikku Robotics,pdfreport,5.5 Key Features,pdf | report | products | 5.5 Key Features,0,1,products.pdf,pdf,products: 5.5 Key Features
pdfreport:products:products-5-6-key-benefits,Products report — 5.6 Key Benefits,customer,products,Products (PDF report),34,Chikku Robotics,pdfreport,5.6 Key Benefits,pdf | report | products | 5.6 Key Benefits,0,1,products.pdf,pdf,products: 5.6 Key Benefits
pdfreport:products:products-5-6-1-time-efficiency,"Products report — 5.6.1 Time Efficiency
Operates automatically on schedule; cleans faster than manual methods enabling immediate peak
output restoration.",customer,products,Products (PDF report),153,Chikku Robotics,pdfreport,5.6.1 Time Efficiency,pdf | report | products | 5.6.1 Time Efficiency,0,1,products.pdf,pdf,products: 5.6.1 Time Efficiency
pdfreport:products:products-5-6-2-cost-savings,"Products report — 5.6.2 Cost Savings
Reduces specialized cleaning labor and PPE costs; prevents panel damage from manual cleaning;
optimizes long-term ROI and system lifespan.",customer,products,Products (PDF report),175,Chikku Robotics,pdfreport,5.6.2 Cost Savings,pdf | report | products | 5.6.2 Cost Savings,0,1,products.pdf,pdf,products: 5.6.2 Cost Savings
pdfreport:products:products-5-6-3-eco-friendly,"Products report — 5.6.3 Eco-Friendly
Optimized water usage or dry-cleaning; 100% chemical-free; protects anti-reflective coatings and
surrounding ecosystem.
6. Featured Product — WatchGuard6S",customer,products,Products (PDF report),191,Chikku Robotics,pdfreport,5.6.3 Eco-Friendly,pdf | report | products | 5.6.3 Eco-Friendly,0,1,products.pdf,pdf,products: 5.6.3 Eco-Friendly
pdfreport:products:products-6-1-overview,"Products report — 6.1 Overview
Attribute Detail
Category AI Security & Surveillance Robot
AI-integrated 24/7 security, surveillance, and maintenance optimization robot for
Tagline
solar farms.",customer,products,Products (PDF report),192,Chikku Robotics,pdfreport,6.1 Overview,pdf | report | products | 6.1 Overview,0,1,products.pdf,pdf,products: 6.1 Overview
pdfreport:products:products-6-2-description,"Products report — 6.2 Description
WatchGuard6S is an AI-integrated robotic system dedicated to security, surveillance, and real-time
monitoring of solar farms. It provides 24/7 protection with high-resolution cameras, thermal imaging
sensors, and AI algorithms for continuous patrolling. It also automatically detects environmental
hazards, automates maintenance workflows, and optimizes solar panel operational performance.",customer,products,Products (PDF report),424,Chikku Robotics,pdfreport,6.2 Description,pdf | report | products | 6.2 Description,0,1,products.pdf,pdf,products: 6.2 Description
pdfreport:products:products-6-3-mission,"Products report — 6.3 Mission
Revolutionize security and maintenance operations in solar farms through cutting-edge
technology, ensuring sustainable energy production with the highest standards of safety,
efficiency, and accuracy.",customer,products,Products (PDF report),230,Chikku Robotics,pdfreport,6.3 Mission,pdf | report | products | 6.3 Mission,0,1,products.pdf,pdf,products: 6.3 Mission
pdfreport:products:products-6-4-target-environments,"Products report — 6.4 Target Environments
1. Solar farms
2. Utility-scale power stations",customer,products,Products (PDF report),88,Chikku Robotics,pdfreport,6.4 Target Environments,pdf | report | products | 6.4 Target Environments,0,1,products.pdf,pdf,products: 6.4 Target Environments
pdfreport:products:products-6-5-core-technologies,"Products report — 6.5 Core Technologies
No. Technology",customer,products,Products (PDF report),54,Chikku Robotics,pdfreport,6.5 Core Technologies,pdf | report | products | 6.5 Core Technologies,0,1,products.pdf,pdf,products: 6.5 Core Technologies
pdfreport:products:products-1-high-resolution-camera-systems,Products report — 1 High-resolution camera systems,customer,products,Products (PDF report),50,Chikku Robotics,pdfreport,1 High-resolution camera systems,pdf | report | products | 1 High-resolution camera systems,0,1,products.pdf,pdf,products: 1 High-resolution camera systems
pdfreport:products:products-2-thermal-imaging-sensors,Products report — 2 Thermal imaging sensors,customer,products,Products (PDF report),43,Chikku Robotics,pdfreport,2 Thermal imaging sensors,pdf | report | products | 2 Thermal imaging sensors,0,1,products.pdf,pdf,products: 2 Thermal imaging sensors
pdfreport:products:products-3-ai-driven-real-time-analytics,Products report — 3 AI-driven real-time analytics,customer,products,Products (PDF report),49,Chikku Robotics,pdfreport,3 AI-driven real-time analytics,pdf | report | products | 3 AI-driven real-time analytics,0,1,products.pdf,pdf,products: 3 AI-driven real-time analytics
pdfreport:products:products-4-multifunctional-environmental-sensors,Products report — 4 Multifunctional environmental sensors,customer,products,Products (PDF report),57,Chikku Robotics,pdfreport,4 Multifunctional environmental sensors,pdf | report | products | 4 Multifunctional environmental sensors,0,1,products.pdf,pdf,products: 4 Multifunctional environmental sensors
pdfreport:products:products-5-autonomous-navigation-patrolling,Products report — 5 Autonomous navigation & patrolling,customer,products,Products (PDF report),54,Chikku Robotics,pdfreport,5 Autonomous navigation & patrolling,pdf | report | products | 5 Autonomous navigation & patrolling,0,1,products.pdf,pdf,products: 5 Autonomous navigation & patrolling
pdfreport:products:products-6-6-key-features,"Products report — 6.6 Key Features
1. 24/7 continuous security patrolling and surveillance
2. High-resolution visual clarity under all lighting and weather conditions
3. Thermal imaging for night-time and low-visibility monitoring
4. Real-time AI anomaly detection, intrusion alerts, and equipment failure diagnosis
5. Comprehensive environmental metrics and temperature data collection
6. Fully autonomous navigation and mission execution without human intervention
7. Automated maintenance workflow triggering
Document generated from products.json — Chikku Robotics © 2026",customer,products,Products (PDF report),574,Chikku Robotics,pdfreport,6.6 Key Features,pdf | report | products | 6.6 Key Features,0,1,products.pdf,pdf,products: 6.6 Key Features
pdfreport:services:services-services-overview,"Services report — services — overview
Services Report — Chikku Robotics
Table of Contents
1. Robotics & AI Consulting
2. Engineering & Integration Support
3. Training & Education Programs
4. Maintenance & Lifecycle Services
5. Custom Robot Development
1. Robotics & AI Consulting
Expert consulting services to help organizations identify, plan, and implement robotics and AI
automation strategies tailored to their specific needs.",customer,services,Services (PDF report),430,Chikku Robotics,pdfreport,services — overview,pdf | report | services | services — overview,0,1,services.pdf,pdf,services: services — overview
pdfreport:services:services-1-1-automation-readiness-assessment,"Services report — 1.1 Automation Readiness Assessment
We evaluate your current operations, identify automation opportunities, and build a prioritized roadmap
for robotic deployment. Includes ROI analysis and technology recommendation.",customer,services,Services (PDF report),234,Chikku Robotics,pdfreport,1.1 Automation Readiness Assessment,pdf | report | services | 1.1 Automation Readiness Assessment,0,1,services.pdf,pdf,services: 1.1 Automation Readiness Assessment
pdfreport:services:services-1-2-solution-architecture-design,"Services report — 1.2 Solution Architecture & Design
Our engineers design end-to-end robotic solutions — from hardware selection to software integration
— ensuring compatibility with your existing systems and workflows.",customer,services,Services (PDF report),219,Chikku Robotics,pdfreport,1.2 Solution Architecture & Design,pdf | report | services | 1.2 Solution Architecture & Design,0,1,services.pdf,pdf,services: 1.2 Solution Architecture & Design
pdfreport:services:services-1-3-proof-of-concept-poc-development,"Services report — 1.3 Proof of Concept (PoC) Development
Rapid prototyping and pilot deployment to validate automation concepts before full-scale rollout.
Typically 4–8 weeks from concept to working prototype.",customer,services,Services (PDF report),209,Chikku Robotics,pdfreport,1.3 Proof of Concept (PoC) Development,pdf | report | services | 1.3 Proof of Concept (PoC) Development,0,1,services.pdf,pdf,services: 1.3 Proof of Concept (PoC) Development
pdfreport:services:services-1-4-safety-compliance-consulting,"Services report — 1.4 Safety & Compliance Consulting
Guidance on robot safety standards (ISO 13482, ISO 10218, etc.), risk assessment, and certification
processes for deploying robots in regulated environments.
2. Engineering & Integration Support
Hands-on engineering services for robot deployment, customization, and integration with existing
enterprise systems.",customer,services,Services (PDF report),364,Chikku Robotics,pdfreport,1.4 Safety & Compliance Consulting,pdf | report | services | 1.4 Safety & Compliance Consulting,0,1,services.pdf,pdf,services: 1.4 Safety & Compliance Consulting
pdfreport:services:services-2-1-system-integration,"Services report — 2.1 System Integration
Integration of our robots with your WMS, ERP, MES, HIS, and other enterprise systems. Custom API
development and middleware for seamless data flow.",customer,services,Services (PDF report),188,Chikku Robotics,pdfreport,2.1 System Integration,pdf | report | services | 2.1 System Integration,0,1,services.pdf,pdf,services: 2.1 System Integration
pdfreport:services:services-2-2-custom-end-effector-design,"Services report — 2.2 Custom End-Effector Design
Design and fabrication of custom grippers, tools, and fixtures for specific application requirements.
Rapid prototyping with in-house 3D printing and CNC machining.",customer,services,Services (PDF report),213,Chikku Robotics,pdfreport,2.2 Custom End-Effector Design,pdf | report | services | 2.2 Custom End-Effector Design,0,1,services.pdf,pdf,services: 2.2 Custom End-Effector Design
pdfreport:services:services-2-3-on-site-deployment,"Services report — 2.3 On-Site Deployment
Our field engineers handle robot installation, commissioning, site mapping, and workflow configuration
at your facility. Typical deployment: 1–4 weeks per site.",customer,services,Services (PDF report),201,Chikku Robotics,pdfreport,2.3 On-Site Deployment,pdf | report | services | 2.3 On-Site Deployment,0,1,services.pdf,pdf,services: 2.3 On-Site Deployment
pdfreport:services:services-2-4-ongoing-technical-support,"Services report — 2.4 Ongoing Technical Support
24/7 technical support with remote diagnostics, on-site service visits, and spare parts management.
SLAs from 4-hour response to next-business-day.
3. Training & Education Programs
Comprehensive training programs to upskill your workforce in robotics operation, programming,
and maintenance.",customer,services,Services (PDF report),339,Chikku Robotics,pdfreport,2.4 Ongoing Technical Support,pdf | report | services | 2.4 Ongoing Technical Support,0,1,services.pdf,pdf,services: 2.4 Ongoing Technical Support
pdfreport:services:services-3-1-robot-operator-training,"Services report — 3.1 Robot Operator Training
Hands-on training for frontline staff on robot operation, safety procedures, and basic troubleshooting.
2-day program, no prior technical experience required.",customer,services,Services (PDF report),204,Chikku Robotics,pdfreport,3.1 Robot Operator Training,pdf | report | services | 3.1 Robot Operator Training,0,1,services.pdf,pdf,services: 3.1 Robot Operator Training
pdfreport:services:services-3-2-robot-programming-certification,"Services report — 3.2 Robot Programming Certification
Learn to program our cobots using teach-by-demonstration, Python scripting, and ROS 2. Covers path
planning, vision integration, and task sequencing. 5-day program.",customer,services,Services (PDF report),218,Chikku Robotics,pdfreport,3.2 Robot Programming Certification,pdf | report | services | 3.2 Robot Programming Certification,0,1,services.pdf,pdf,services: 3.2 Robot Programming Certification
pdfreport:services:services-3-3-ai-computer-vision-workshop,"Services report — 3.3 AI & Computer Vision Workshop
Deep dive into the AI technologies powering our robots. Learn to train custom object detection models
and deploy models to edge devices. 3-day program.",customer,services,Services (PDF report),203,Chikku Robotics,pdfreport,3.3 AI & Computer Vision Workshop,pdf | report | services | 3.3 AI & Computer Vision Workshop,0,1,services.pdf,pdf,services: 3.3 AI & Computer Vision Workshop
pdfreport:services:services-3-4-fleet-management-administration,"Services report — 3.4 Fleet Management Administration
Training for system administrators on Chikku Cloud fleet management — robot provisioning, traffic
management, analytics, and maintenance scheduling. 2-day program.",customer,services,Services (PDF report),217,Chikku Robotics,pdfreport,3.4 Fleet Management Administration,pdf | report | services | 3.4 Fleet Management Administration,0,1,services.pdf,pdf,services: 3.4 Fleet Management Administration
pdfreport:services:services-3-5-train-the-trainer-program,"Services report — 3.5 Train-the-Trainer Program
We certify your in-house trainers to deliver operator and basic maintenance training. Includes all
training materials, assessments, and ongoing curriculum updates. 5 days + ongoing support.",customer,services,Services (PDF report),237,Chikku Robotics,pdfreport,3.5 Train-the-Trainer Program,pdf | report | services | 3.5 Train-the-Trainer Program,0,1,services.pdf,pdf,services: 3.5 Train-the-Trainer Program
pdfreport:services:services-3-6-training-program-summary,"Services report — 3.6 Training Program Summary
No. Program Duration",customer,services,Services (PDF report),67,Chikku Robotics,pdfreport,3.6 Training Program Summary,pdf | report | services | 3.6 Training Program Summary,0,1,services.pdf,pdf,services: 3.6 Training Program Summary
pdfreport:services:services-1-robot-operator-training-2-days,Services report — 1 Robot Operator Training 2 days,customer,services,Services (PDF report),50,Chikku Robotics,pdfreport,1 Robot Operator Training 2 days,pdf | report | services | 1 Robot Operator Training 2 days,0,1,services.pdf,pdf,services: 1 Robot Operator Training 2 days
pdfreport:services:services-2-robot-programming-certification-5-days,Services report — 2 Robot Programming Certification 5 days,customer,services,Services (PDF report),58,Chikku Robotics,pdfreport,2 Robot Programming Certification 5 days,pdf | report | services | 2 Robot Programming Certification 5 days,0,1,services.pdf,pdf,services: 2 Robot Programming Certification 5 days
pdfreport:services:services-3-ai-computer-vision-workshop-3-days,Services report — 3 AI & Computer Vision Workshop 3 days,customer,services,Services (PDF report),56,Chikku Robotics,pdfreport,3 AI & Computer Vision Workshop 3 days,pdf | report | services | 3 AI & Computer Vision Workshop 3 days,0,1,services.pdf,pdf,services: 3 AI & Computer Vision Workshop 3 days
pdfreport:services:services-4-fleet-management-administration-2-days,Services report — 4 Fleet Management Administration 2 days,customer,services,Services (PDF report),58,Chikku Robotics,pdfreport,4 Fleet Management Administration 2 days,pdf | report | services | 4 Fleet Management Administration 2 days,0,1,services.pdf,pdf,services: 4 Fleet Management Administration 2 days
pdfreport:services:services-5-train-the-trainer-program-5-days-ongoing-support,"Services report — 5 Train-the-Trainer Program 5 days + ongoing support
4. Maintenance & Lifecycle Services
Ensure your robot fleet operates at peak performance with our comprehensive maintenance and
lifecycle management services.",customer,services,Services (PDF report),229,Chikku Robotics,pdfreport,5 Train-the-Trainer Program 5 days + ongoing support,pdf | report | services | 5 Train-the-Trainer Program 5 days + ongoing support,0,1,services.pdf,pdf,services: 5 Train-the-Trainer Program 5 days + ongoing support
pdfreport:services:services-4-1-preventive-maintenance-plans,"Services report — 4.1 Preventive Maintenance Plans
Scheduled maintenance visits covering mechanical inspection, sensor calibration, software updates,
and battery health checks.",customer,services,Services (PDF report),176,Chikku Robotics,pdfreport,4.1 Preventive Maintenance Plans,pdf | report | services | 4.1 Preventive Maintenance Plans,0,1,services.pdf,pdf,services: 4.1 Preventive Maintenance Plans
pdfreport:services:services-4-2-predictive-maintenance,"Services report — 4.2 Predictive Maintenance
AI-powered monitoring that predicts component wear and potential failures before they occur.
Reduces unplanned downtime by up to 80%.",customer,services,Services (PDF report),178,Chikku Robotics,pdfreport,4.2 Predictive Maintenance,pdf | report | services | 4.2 Predictive Maintenance,0,1,services.pdf,pdf,services: 4.2 Predictive Maintenance
pdfreport:services:services-4-3-spare-parts-management,"Services report — 4.3 Spare Parts Management
Guaranteed availability of critical spare parts with 24-hour dispatch. Regional depots in: Singapore,
Tokyo, San Jose, and Munich.",customer,services,Services (PDF report),175,Chikku Robotics,pdfreport,4.3 Spare Parts Management,pdf | report | services | 4.3 Spare Parts Management,0,1,services.pdf,pdf,services: 4.3 Spare Parts Management
pdfreport:services:services-4-4-robot-as-a-service-raas,"Services report — 4.4 Robot-as-a-Service (RaaS)
Subscription-based robot deployment that includes hardware, software, maintenance, and support in a
single monthly fee. No upfront capital expenditure required.",customer,services,Services (PDF report),208,Chikku Robotics,pdfreport,4.4 Robot-as-a-Service (RaaS),pdf | report | services | 4.4 Robot-as-a-Service (RaaS),0,1,services.pdf,pdf,services: 4.4 Robot-as-a-Service (RaaS)
pdfreport:services:services-4-5-fleet-refresh-upgrades,"Services report — 4.5 Fleet Refresh & Upgrades
Hardware upgrade programs and trade-in options to keep your fleet current with the latest technology.
5. Custom Robot Development
For unique requirements that off-the-shelf robots cannot address, we offer custom robot design
and development services.",customer,services,Services (PDF report),297,Chikku Robotics,pdfreport,4.5 Fleet Refresh & Upgrades,pdf | report | services | 4.5 Fleet Refresh & Upgrades,0,1,services.pdf,pdf,services: 4.5 Fleet Refresh & Upgrades
pdfreport:services:services-5-1-custom-robot-design,"Services report — 5.1 Custom Robot Design
Full-cycle custom robot development — from requirements analysis and conceptual design to
prototyping, testing, and production.",customer,services,Services (PDF report),169,Chikku Robotics,pdfreport,5.1 Custom Robot Design,pdf | report | services | 5.1 Custom Robot Design,0,1,services.pdf,pdf,services: 5.1 Custom Robot Design
pdfreport:services:services-5-2-application-specific-software,"Services report — 5.2 Application-Specific Software
Custom AI models, computer vision pipelines, and robot behaviors developed for your specific
application. Built on Chikku Brain platform.",customer,services,Services (PDF report),189,Chikku Robotics,pdfreport,5.2 Application-Specific Software,pdf | report | services | 5.2 Application-Specific Software,0,1,services.pdf,pdf,services: 5.2 Application-Specific Software
pdfreport:services:services-5-3-prototyping-small-batch-production,"Services report — 5.3 Prototyping & Small-Batch Production
Rapid prototyping with our in-house manufacturing capabilities. Small-batch production (10–100 units)
for pilot programs.
Document generated from services.json — Chikku Robotics © 2026",customer,services,Services (PDF report),243,Chikku Robotics,pdfreport,5.3 Prototyping & Small-Batch Production,pdf | report | services | 5.3 Prototyping & Small-Batch Production,0,1,services.pdf,pdf,services: 5.3 Prototyping & Small-Batch Production
pdfreport:solutions:solutions-solutions-overview,"Solutions report — solutions — overview
Industry Solutions Report — Chikku
Robotics
Table of Contents
1. Smart Manufacturing
2. Healthcare & Medical
3. Warehousing & Logistics
4. Smart Cities & Public Infrastructure
5. Agriculture & Agritech
1. Smart Manufacturing
Transform your factory with intelligent automation. Our cobots, AMRs, and AI vision systems work
alongside your workforce to increase productivity, quality, and flexibility.",customer,solutions,Solutions (PDF report),438,Chikku Robotics,pdfreport,solutions — overview,pdf | report | solutions | solutions — overview,0,1,solutions.pdf,pdf,solutions: solutions — overview
pdfreport:solutions:solutions-1-1-assembly-kitting,"Solutions report — 1.1 Assembly & Kitting
Collaborative robots handle repetitive assembly tasks with high precision, freeing human workers for
higher-value activities. CoBot C2 and C5 models are ideal for electronics, automotive, and consumer
goods assembly lines.",customer,solutions,Solutions (PDF report),264,Chikku Robotics,pdfreport,1.1 Assembly & Kitting,pdf | report | solutions | 1.1 Assembly & Kitting,0,1,solutions.pdf,pdf,solutions: 1.1 Assembly & Kitting
pdfreport:solutions:solutions-1-2-quality-inspection,"Solutions report — 1.2 Quality Inspection
AI-powered vision systems automatically detect defects, measure dimensions, and verify assembly
correctness at production-line speeds. Our computer vision models achieve 99.7%+ defect detection
rates in electronics manufacturing.",customer,solutions,Solutions (PDF report),271,Chikku Robotics,pdfreport,1.2 Quality Inspection,pdf | report | solutions | 1.2 Quality Inspection,0,1,solutions.pdf,pdf,solutions: 1.2 Quality Inspection
pdfreport:solutions:solutions-1-3-material-handling,"Solutions report — 1.3 Material Handling
CarryBot A1 AMRs autonomously transport raw materials, work-in-progress, and finished goods
between production cells, warehouses, and shipping areas — eliminating manual forklift operations.",customer,solutions,Solutions (PDF report),231,Chikku Robotics,pdfreport,1.3 Material Handling,pdf | report | solutions | 1.3 Material Handling,0,1,solutions.pdf,pdf,solutions: 1.3 Material Handling
pdfreport:solutions:solutions-1-4-machine-tending,"Solutions report — 1.4 Machine Tending
CoBot arms load and unload CNC machines, injection molding presses, and test equipment 24/7.
Quick changeover between product variants through teach-by-demonstration programming.",customer,solutions,Solutions (PDF report),217,Chikku Robotics,pdfreport,1.4 Machine Tending,pdf | report | solutions | 1.4 Machine Tending,0,1,solutions.pdf,pdf,solutions: 1.4 Machine Tending
pdfreport:solutions:solutions-1-5-packaging-palletizing,"Solutions report — 1.5 Packaging & Palletizing
End-of-line automation with CoBot C5 for case packing and palletizing. Handles mixed-SKU pallets
with AI-powered stacking optimization.",customer,solutions,Solutions (PDF report),182,Chikku Robotics,pdfreport,1.5 Packaging & Palletizing,pdf | report | solutions | 1.5 Packaging & Palletizing,0,1,solutions.pdf,pdf,solutions: 1.5 Packaging & Palletizing
pdfreport:solutions:solutions-1-6-case-study,"Solutions report — 1.6 Case Study
A major electronics manufacturer deployed 12 CoBot C2 units and 8 CarryBot A1 AMRs across
their PCB assembly line. Result: 40% throughput increase, 60% defect reduction, and ROI in",customer,solutions,Solutions (PDF report),214,Chikku Robotics,pdfreport,1.6 Case Study,pdf | report | solutions | 1.6 Case Study,0,1,solutions.pdf,pdf,solutions: 1.6 Case Study
pdfreport:solutions:solutions-14-months,"Solutions report — 14 months.
2. Healthcare & Medical
Our healthcare robotics solutions improve hospital efficiency, reduce staff burden, and enhance
patient care — from logistics automation to AI-assisted diagnostics.",customer,solutions,Solutions (PDF report),218,Chikku Robotics,pdfreport,14 months.,pdf | report | solutions | 14 months.,0,1,solutions.pdf,pdf,solutions: 14 months.
pdfreport:solutions:solutions-2-1-hospital-logistics,"Solutions report — 2.1 Hospital Logistics
MediBot M1 automates medication delivery, lab sample transport, linen distribution, and meal delivery
throughout hospital campuses. Integrates with HIS/EMR for automated task dispatching.",customer,solutions,Solutions (PDF report),229,Chikku Robotics,pdfreport,2.1 Hospital Logistics,pdf | report | solutions | 2.1 Hospital Logistics,0,1,solutions.pdf,pdf,solutions: 2.1 Hospital Logistics
pdfreport:solutions:solutions-2-2-patient-assistance,"Solutions report — 2.2 Patient Assistance
ServeBot S2 deployed in patient rooms and wards for non-clinical assistance — delivering water,
adjusting lights, calling nurses, and providing entertainment.",customer,solutions,Solutions (PDF report),200,Chikku Robotics,pdfreport,2.2 Patient Assistance,pdf | report | solutions | 2.2 Patient Assistance,0,1,solutions.pdf,pdf,solutions: 2.2 Patient Assistance
pdfreport:solutions:solutions-2-3-disinfection,"Solutions report — 2.3 Disinfection
UV-C equipped mobile robots autonomously disinfect patient rooms, operating theaters, and common
areas. Validated 99.99% pathogen elimination.",customer,solutions,Solutions (PDF report),178,Chikku Robotics,pdfreport,2.3 Disinfection,pdf | report | solutions | 2.3 Disinfection,0,1,solutions.pdf,pdf,solutions: 2.3 Disinfection
pdfreport:solutions:solutions-2-4-pharmacy-automation,"Solutions report — 2.4 Pharmacy Automation
CoBot arms handle medication picking, counting, and packaging in hospital pharmacies. Reduces
medication errors and frees pharmacists for clinical duties.
3. Warehousing & Logistics
Automate your warehouse operations from receiving to shipping. Our AMRs and robotic systems
handle goods movement, sorting, and order fulfillment with speed and accuracy.",customer,solutions,Solutions (PDF report),395,Chikku Robotics,pdfreport,2.4 Pharmacy Automation,pdf | report | solutions | 2.4 Pharmacy Automation,0,1,solutions.pdf,pdf,solutions: 2.4 Pharmacy Automation
pdfreport:solutions:solutions-3-1-goods-to-person-picking,"Solutions report — 3.1 Goods-to-Person Picking
CarryBot AMRs bring inventory shelves to pick stations, eliminating worker walking time. Increases
pick rates from 80 to 300+ lines per hour.",customer,solutions,Solutions (PDF report),188,Chikku Robotics,pdfreport,3.1 Goods-to-Person Picking,pdf | report | solutions | 3.1 Goods-to-Person Picking,0,1,solutions.pdf,pdf,solutions: 3.1 Goods-to-Person Picking
pdfreport:solutions:solutions-3-2-cross-docking-sortation,"Solutions report — 3.2 Cross-Docking & Sortation
Autonomous robots sort incoming goods by destination at high speed. Reduces cross-dock
processing time by 50%.",customer,solutions,Solutions (PDF report),159,Chikku Robotics,pdfreport,3.2 Cross-Docking & Sortation,pdf | report | solutions | 3.2 Cross-Docking & Sortation,0,1,solutions.pdf,pdf,solutions: 3.2 Cross-Docking & Sortation
pdfreport:solutions:solutions-3-3-inventory-management,"Solutions report — 3.3 Inventory Management
SkyBot I1 drones perform automated inventory counts in high-bay racking using barcode scanning
and computer vision. Counts 10× faster than manual methods.",customer,solutions,Solutions (PDF report),198,Chikku Robotics,pdfreport,3.3 Inventory Management,pdf | report | solutions | 3.3 Inventory Management,0,1,solutions.pdf,pdf,solutions: 3.3 Inventory Management
pdfreport:solutions:solutions-3-4-last-mile-delivery,"Solutions report — 3.4 Last-Mile Delivery
SkyBot D1 drones deliver small parcels within a 15 km radius. AutoHaul H1 autonomous vehicles
handle larger deliveries on campus and between facilities.
4. Smart Cities & Public Infrastructure
Our robots contribute to safer, cleaner, and more efficient cities through autonomous inspection,
security patrol, and public services.",customer,solutions,Solutions (PDF report),370,Chikku Robotics,pdfreport,3.4 Last-Mile Delivery,pdf | report | solutions | 3.4 Last-Mile Delivery,0,1,solutions.pdf,pdf,solutions: 3.4 Last-Mile Delivery
pdfreport:solutions:solutions-4-1-infrastructure-inspection,"Solutions report — 4.1 Infrastructure Inspection
SkyBot I1 drones inspect bridges, tunnels, power lines, and buildings autonomously. AI detects
cracks, corrosion, and structural issues early — preventing failures and reducing inspection costs
by 70%.",customer,solutions,Solutions (PDF report),250,Chikku Robotics,pdfreport,4.1 Infrastructure Inspection,pdf | report | solutions | 4.1 Infrastructure Inspection,0,1,solutions.pdf,pdf,solutions: 4.1 Infrastructure Inspection
pdfreport:solutions:solutions-4-2-security-surveillance,"Solutions report — 4.2 Security & Surveillance
Autonomous mobile robots patrol public spaces, parking structures, and critical infrastructure. Anomaly
detection AI alerts human operators to potential security threats.",customer,solutions,Solutions (PDF report),217,Chikku Robotics,pdfreport,4.2 Security & Surveillance,pdf | report | solutions | 4.2 Security & Surveillance,0,1,solutions.pdf,pdf,solutions: 4.2 Security & Surveillance
pdfreport:solutions:solutions-4-3-public-information,"Solutions report — 4.3 Public Information
GuideBot G1 robots deployed in airports, train stations, and city centers provide wayfinding, event
information, and multilingual assistance to citizens and tourists.",customer,solutions,Solutions (PDF report),208,Chikku Robotics,pdfreport,4.3 Public Information,pdf | report | solutions | 4.3 Public Information,0,1,solutions.pdf,pdf,solutions: 4.3 Public Information
pdfreport:solutions:solutions-4-4-environmental-monitoring,"Solutions report — 4.4 Environmental Monitoring
Sensor-equipped mobile robots monitor air quality, noise levels, and temperature across urban areas,
providing real-time environmental data to city management systems.
5. Agriculture & Agritech
Precision agriculture powered by robotics and AI — from autonomous crop monitoring to selective
harvesting.",customer,solutions,Solutions (PDF report),349,Chikku Robotics,pdfreport,4.4 Environmental Monitoring,pdf | report | solutions | 4.4 Environmental Monitoring,0,1,solutions.pdf,pdf,solutions: 4.4 Environmental Monitoring
pdfreport:solutions:solutions-5-1-crop-monitoring,"Solutions report — 5.1 Crop Monitoring
SkyBot I1 drones equipped with multispectral cameras survey crops, detecting disease, nutrient
deficiency, and water stress before they become visible to the human eye.",customer,solutions,Solutions (PDF report),207,Chikku Robotics,pdfreport,5.1 Crop Monitoring,pdf | report | solutions | 5.1 Crop Monitoring,0,1,solutions.pdf,pdf,solutions: 5.1 Crop Monitoring
pdfreport:solutions:solutions-5-2-autonomous-weeding-spraying,"Solutions report — 5.2 Autonomous Weeding & Spraying
Mobile robots with computer vision identify and remove weeds mechanically or apply targeted
spraying — reducing herbicide use by up to 90%.",customer,solutions,Solutions (PDF report),192,Chikku Robotics,pdfreport,5.2 Autonomous Weeding & Spraying,pdf | report | solutions | 5.2 Autonomous Weeding & Spraying,0,1,solutions.pdf,pdf,solutions: 5.2 Autonomous Weeding & Spraying
pdfreport:solutions:solutions-5-3-harvesting-assistance,"Solutions report — 5.3 Harvesting Assistance
CoBot arms with soft grippers and vision systems selectively harvest fruits and vegetables without
damage. Adaptable to multiple crop types.
Document generated from solutions.json — Chikku Robotics © 2026",customer,solutions,Solutions (PDF report),249,Chikku Robotics,pdfreport,5.3 Harvesting Assistance,pdf | report | solutions | 5.3 Harvesting Assistance,0,1,solutions.pdf,pdf,solutions: 5.3 Harvesting Assistance
pdfreport:technologies:technologies-technologies-overview,"Technologies report — technologies — overview
Technologies Report — Chikku Robotics
Table of Contents
1. Artificial Intelligence & Machine Learning
2. Computer Vision
3. Robotics Engineering
4. Edge AI & Computing
5. Cloud & Data Platform
6. Safety & Certification
1. Artificial Intelligence & Machine Learning
Our AI research and engineering team develops state-of-the-art models for perception, planning,
and human-robot interaction. We combine classical robotics with modern deep learning to create
truly intelligent machines.",customer,technologies,Technologies (PDF report),529,Chikku Robotics,pdfreport,technologies — overview,pdf | report | technologies | technologies — overview,0,1,technologies.pdf,pdf,technologies: technologies — overview
pdfreport:technologies:technologies-1-1-deep-learning,"Technologies report — 1.1 Deep Learning
Attribute Detail
Convolutional neural networks (CNNs), transformers, and recurrent architectures
Description
optimized for real-time robotic inference on edge devices.
Applications:
1. Object detection and classification
2. Semantic scene understanding
3. Human pose estimation
4. Gesture recognition",customer,technologies,Technologies (PDF report),340,Chikku Robotics,pdfreport,1.1 Deep Learning,pdf | report | technologies | 1.1 Deep Learning,0,1,technologies.pdf,pdf,technologies: 1.1 Deep Learning
pdfreport:technologies:technologies-1-2-reinforcement-learning,"Technologies report — 1.2 Reinforcement Learning
Attribute Detail
Model-based and model-free RL for robot control, navigation, and manipulation.
Description
Training in simulation with sim-to-real transfer.
Applications:
1. Adaptive navigation in dynamic environments
2. Robotic grasping and manipulation
3. Multi-robot coordination
4. Energy-optimal path planning",customer,technologies,Technologies (PDF report),364,Chikku Robotics,pdfreport,1.2 Reinforcement Learning,pdf | report | technologies | 1.2 Reinforcement Learning,0,1,technologies.pdf,pdf,technologies: 1.2 Reinforcement Learning
pdfreport:technologies:technologies-1-3-natural-language-processing,"Technologies report — 1.3 Natural Language Processing
Attribute Detail
Transformer-based language models fine-tuned for robotic command
Description
understanding and multi-turn dialogue in 30+ languages.
Applications:
1. Voice command interpretation
2. Intent classification
3. Conversational AI for service robots
4. Multilingual translation",customer,technologies,Technologies (PDF report),342,Chikku Robotics,pdfreport,1.3 Natural Language Processing,pdf | report | technologies | 1.3 Natural Language Processing,0,1,technologies.pdf,pdf,technologies: 1.3 Natural Language Processing
pdfreport:technologies:technologies-1-4-generative-ai,"Technologies report — 1.4 Generative AI
Attribute Detail
Large language models and diffusion models for task planning, code generation,
Description
and robot behavior synthesis.
Applications:
1. Automated task planning from natural language
2. Robot program generation
3. Synthetic training data generation
4. Predictive world modeling
2. Computer Vision
Our vision systems enable robots to see, understand, and interact with their environment in real
time. From 3D perception to facial recognition, our CV stack runs efficiently on embedded
hardware.",customer,technologies,Technologies (PDF report),551,Chikku Robotics,pdfreport,1.4 Generative AI,pdf | report | technologies | 1.4 Generative AI,0,1,technologies.pdf,pdf,technologies: 1.4 Generative AI
pdfreport:technologies:technologies-2-1-3d-perception,"Technologies report — 2.1 3D Perception
Attribute Detail
Stereo vision, structured light, and LiDAR-camera fusion for accurate 3D
Description
environment mapping and object localization.
Technologies:
1. Stereo depth estimation
2. Point cloud processing (PCL)
3. LiDAR-camera calibration and fusion
4. Visual SLAM (ORB-SLAM3)",customer,technologies,Technologies (PDF report),325,Chikku Robotics,pdfreport,2.1 3D Perception,pdf | report | technologies | 2.1 3D Perception,0,1,technologies.pdf,pdf,technologies: 2.1 3D Perception
pdfreport:technologies:technologies-2-2-object-detection-tracking,"Technologies report — 2.2 Object Detection & Tracking
Attribute Detail
Real-time multi-object detection and tracking using YOLOv8 and transformer-
Description
based detectors, optimized for edge deployment.
Technologies:
1. YOLOv8 (Nano to XL)
2. DeepSORT tracking
3. ByteTrack
4. TensorRT optimization",customer,technologies,Technologies (PDF report),302,Chikku Robotics,pdfreport,2.2 Object Detection & Tracking,pdf | report | technologies | 2.2 Object Detection & Tracking,0,1,technologies.pdf,pdf,technologies: 2.2 Object Detection & Tracking
pdfreport:technologies:technologies-2-3-facial-gesture-recognition,"Technologies report — 2.3 Facial & Gesture Recognition
Attribute Detail
Privacy-preserving facial recognition for personalized robot interactions. Hand and
Description
body gesture recognition for intuitive human-robot communication.
Technologies:
1. ArcFace embeddings
2. MediaPipe holistic
3. Privacy-first: on-device only, no cloud upload",customer,technologies,Technologies (PDF report),341,Chikku Robotics,pdfreport,2.3 Facial & Gesture Recognition,pdf | report | technologies | 2.3 Facial & Gesture Recognition,0,1,technologies.pdf,pdf,technologies: 2.3 Facial & Gesture Recognition
pdfreport:technologies:technologies-2-4-industrial-inspection,"Technologies report — 2.4 Industrial Inspection
Attribute Detail
Automated visual inspection for manufacturing quality control — defect detection,
Description
dimensional measurement, and surface analysis.
Technologies:
1. Anomaly detection (PaDiM, PatchCore)
2. OCR for part numbers
3. Thermal imaging analysis
4. High-res multi-camera calibration
3. Robotics Engineering
Core robotics capabilities spanning kinematics, dynamics, control theory, and mechatronics
design.",customer,technologies,Technologies (PDF report),471,Chikku Robotics,pdfreport,2.4 Industrial Inspection,pdf | report | technologies | 2.4 Industrial Inspection,0,1,technologies.pdf,pdf,technologies: 2.4 Industrial Inspection
pdfreport:technologies:technologies-3-1-motion-planning-control,"Technologies report — 3.1 Motion Planning & Control
Attribute Detail
Advanced trajectory planning and real-time control for manipulators and mobile
Description
platforms.
Technologies:
1. Model Predictive Control (MPC)
2. Impedance control
3. Admittance control
4. Whole-body control
5. Trajectory optimization (TrajOpt)",customer,technologies,Technologies (PDF report),320,Chikku Robotics,pdfreport,3.1 Motion Planning & Control,pdf | report | technologies | 3.1 Motion Planning & Control,0,1,technologies.pdf,pdf,technologies: 3.1 Motion Planning & Control
pdfreport:technologies:technologies-3-2-slam-localization,"Technologies report — 3.2 SLAM & Localization
Attribute Detail
Simultaneous Localization and Mapping for autonomous navigation in unknown
Description
and dynamic environments.
Technologies:
1. LiDAR SLAM (Cartographer, FAST-LIO2)
2. Visual SLAM (ORB-SLAM3)
3. Visual-inertial odometry
4. Multi-sensor fusion (EKF, factor graphs)",customer,technologies,Technologies (PDF report),328,Chikku Robotics,pdfreport,3.2 SLAM & Localization,pdf | report | technologies | 3.2 SLAM & Localization,0,1,technologies.pdf,pdf,technologies: 3.2 SLAM & Localization
pdfreport:technologies:technologies-3-3-manipulation-grasping,"Technologies report — 3.3 Manipulation & Grasping
Attribute Detail
Robotic grasping and manipulation for diverse objects in unstructured
Description
environments.
Technologies:
1. 6-DoF grasp planning (GPD, GraspNet)
2. Dexterous manipulation
3. Force-feedback assembly
4. Soft robotic grippers",customer,technologies,Technologies (PDF report),294,Chikku Robotics,pdfreport,3.3 Manipulation & Grasping,pdf | report | technologies | 3.3 Manipulation & Grasping,0,1,technologies.pdf,pdf,technologies: 3.3 Manipulation & Grasping
pdfreport:technologies:technologies-3-4-mechatronics-hardware,"Technologies report — 3.4 Mechatronics & Hardware
Attribute Detail
Custom actuator design, sensor integration, and embedded electronics for our
Description
robot platforms.
Technologies:
1. Custom BLDC motor drivers
2. FPGA-based real-time control
3. CAN bus / EtherCAT communication
4. Battery management systems (BMS)
4. Edge AI & Computing
All our AI inference runs on-device for low latency, privacy, and offline capability. We design
custom edge computing hardware optimized for robotic workloads.",customer,technologies,Technologies (PDF report),502,Chikku Robotics,pdfreport,3.4 Mechatronics & Hardware,pdf | report | technologies | 3.4 Mechatronics & Hardware,0,1,technologies.pdf,pdf,technologies: 3.4 Mechatronics & Hardware
pdfreport:technologies:technologies-4-1-nvidia-jetson-orin-integration,"Technologies report — 4.1 NVIDIA Jetson Orin Integration
Attribute Detail
Role Primary edge AI platform
Custom-optimized models run on Jetson Orin AGX (275 TOPS) and Orin NX
Description
(100 TOPS).",customer,technologies,Technologies (PDF report),197,Chikku Robotics,pdfreport,4.1 NVIDIA Jetson Orin Integration,pdf | report | technologies | 4.1 NVIDIA Jetson Orin Integration,0,1,technologies.pdf,pdf,technologies: 4.1 NVIDIA Jetson Orin Integration
pdfreport:technologies:technologies-4-2-chikku-edge-ai-accelerator,"Technologies report — 4.2 Chikku Edge AI Accelerator
Attribute Detail
Role Custom FPGA-based accelerator
Ultra-low-latency perception tasks (< 5ms inference). Optimized for safety-critical
Description
real-time applications.",customer,technologies,Technologies (PDF report),224,Chikku Robotics,pdfreport,4.2 Chikku Edge AI Accelerator,pdf | report | technologies | 4.2 Chikku Edge AI Accelerator,0,1,technologies.pdf,pdf,technologies: 4.2 Chikku Edge AI Accelerator
pdfreport:technologies:technologies-4-3-on-device-llm,"Technologies report — 4.3 On-Device LLM
Attribute Detail
Role Local language models
Quantized language models (4-bit, 8-bit) running locally on robot hardware.
Description
Enables private, offline conversational AI without cloud dependency.
5. Cloud & Data Platform
Our cloud infrastructure supports fleet management, continuous learning, and data analytics
across thousands of deployed robots.",customer,technologies,Technologies (PDF report),394,Chikku Robotics,pdfreport,4.3 On-Device LLM,pdf | report | technologies | 4.3 On-Device LLM,0,1,technologies.pdf,pdf,technologies: 4.3 On-Device LLM
pdfreport:technologies:technologies-5-1-fleet-management,"Technologies report — 5.1 Fleet Management
Monitor, control, and optimize robot fleets at scale. Real-time telemetry, task assignment, and traffic
management.",customer,technologies,Technologies (PDF report),158,Chikku Robotics,pdfreport,5.1 Fleet Management,pdf | report | technologies | 5.1 Fleet Management,0,1,technologies.pdf,pdf,technologies: 5.1 Fleet Management
pdfreport:technologies:technologies-5-2-digital-twin,"Technologies report — 5.2 Digital Twin
Physics-accurate simulation of robots and environments. Test new behaviors, validate safety, and train
AI models in simulation before deployment.",customer,technologies,Technologies (PDF report),184,Chikku Robotics,pdfreport,5.2 Digital Twin,pdf | report | technologies | 5.2 Digital Twin,0,1,technologies.pdf,pdf,technologies: 5.2 Digital Twin
pdfreport:technologies:technologies-5-3-continuous-learning,"Technologies report — 5.3 Continuous Learning
Federated learning pipeline that improves robot AI models using field data while preserving privacy.
Models improve with every deployment.",customer,technologies,Technologies (PDF report),184,Chikku Robotics,pdfreport,5.3 Continuous Learning,pdf | report | technologies | 5.3 Continuous Learning,0,1,technologies.pdf,pdf,technologies: 5.3 Continuous Learning
pdfreport:technologies:technologies-5-4-analytics-insights,"Technologies report — 5.4 Analytics & Insights
Operational analytics dashboard showing robot utilization, efficiency metrics, anomaly detection, and
predictive maintenance alerts.
6. Safety & Certification
Safety is the foundation of all our technology. We implement multi-layered safety architectures
and comply with international robotics safety standards.",customer,technologies,Technologies (PDF report),358,Chikku Robotics,pdfreport,5.4 Analytics & Insights,pdf | report | technologies | 5.4 Analytics & Insights,0,1,technologies.pdf,pdf,technologies: 5.4 Analytics & Insights
pdfreport:technologies:technologies-6-1-safety-standards,"Technologies report — 6.1 Safety Standards
No. Standard Description",customer,technologies,Technologies (PDF report),67,Chikku Robotics,pdfreport,6.1 Safety Standards,pdf | report | technologies | 6.1 Safety Standards,0,1,technologies.pdf,pdf,technologies: 6.1 Safety Standards
pdfreport:technologies:technologies-1-iso-13482-safety-requirements-for-personal-ca,Technologies report — 1 ISO 13482 Safety requirements for personal care robots,customer,technologies,Technologies (PDF report),78,Chikku Robotics,pdfreport,1 ISO 13482 Safety requirements for personal care robots,pdf | report | technologies | 1 ISO 13482 Safety requirements for personal care robots,0,1,technologies.pdf,pdf,technologies: 1 ISO 13482 Safety requirements for personal care robots
pdfreport:technologies:technologies-2-iso-10218-industrial-robot-safety,"Technologies report — 2 ISO 10218 Industrial robot safety
Safety-related parts of control systems (up to PL e",customer,technologies,Technologies (PDF report),109,Chikku Robotics,pdfreport,2 ISO 10218 Industrial robot safety,pdf | report | technologies | 2 ISO 10218 Industrial robot safety,0,1,technologies.pdf,pdf,technologies: 2 ISO 10218 Industrial robot safety
pdfreport:technologies:technologies-3-iso-13849,"Technologies report — 3 ISO 13849
/ SIL 3)",customer,technologies,Technologies (PDF report),42,Chikku Robotics,pdfreport,3 ISO 13849,pdf | report | technologies | 3 ISO 13849,0,1,technologies.pdf,pdf,technologies: 3 ISO 13849
pdfreport:technologies:technologies-4-iec-61508-functional-safety-of-electrical-ele,Technologies report — 4 IEC 61508 Functional safety of electrical/electronic systems,customer,technologies,Technologies (PDF report),84,Chikku Robotics,pdfreport,4 IEC 61508 Functional safety of electrical/electronic systems,pdf | report | technologies | 4 IEC 61508 Functional safety of electrical/electronic systems,0,1,technologies.pdf,pdf,technologies: 4 IEC 61508 Functional safety of electrical/electronic systems
pdfreport:technologies:technologies-5-iec-60601-medical-electrical-equipment-for-me,"Technologies report — 5 IEC 60601 Medical electrical equipment (for MediBot)
CE Marking (EU), FCC (USA), MIC",customer,technologies,Technologies (PDF report),108,Chikku Robotics,pdfreport,5 IEC 60601 Medical electrical equipment (for MediBot),pdf | report | technologies | 5 IEC 60601 Medical electrical equipment (for MediBot),0,1,technologies.pdf,pdf,technologies: 5 IEC 60601 Medical electrical equipment (for MediBot)
pdfreport:technologies:technologies-6-regional-certifications,"Technologies report — 6 Regional certifications
(Japan)",customer,technologies,Technologies (PDF report),55,Chikku Robotics,pdfreport,6 Regional certifications,pdf | report | technologies | 6 Regional certifications,0,1,technologies.pdf,pdf,technologies: 6 Regional certifications
pdfreport:technologies:technologies-6-2-safety-features,"Technologies report — 6.2 Safety Features
No. Feature",customer,technologies,Technologies (PDF report),53,Chikku Robotics,pdfreport,6.2 Safety Features,pdf | report | technologies | 6.2 Safety Features,0,1,technologies.pdf,pdf,technologies: 6.2 Safety Features
pdfreport:technologies:technologies-1-multi-layer-safety-hardware-safety-controller,Technologies report — 1 Multi-layer safety: hardware safety controller + software safety monitor,customer,technologies,Technologies (PDF report),96,Chikku Robotics,pdfreport,1 Multi-layer safety: hardware safety controller + software safety monitor,pdf | report | technologies | 1 Multi-layer safety: hardware safety controller + software safety monitor,0,1,technologies.pdf,pdf,technologies: 1 Multi-layer safety: hardware safety controller + software safety monitor
pdfreport:technologies:technologies-2-force-limited-joints-with-real-time-collision,Technologies report — 2 Force-limited joints with real-time collision detection,customer,technologies,Technologies (PDF report),79,Chikku Robotics,pdfreport,2 Force-limited joints with real-time collision detection,pdf | report | technologies | 2 Force-limited joints with real-time collision detection,0,1,technologies.pdf,pdf,technologies: 2 Force-limited joints with real-time collision detection
pdfreport:technologies:technologies-3-360-lidar-based-safety-zones-with-configurabl,Technologies report — 3 360° LiDAR-based safety zones with configurable protective fields,customer,technologies,Technologies (PDF report),89,Chikku Robotics,pdfreport,3 360° LiDAR-based safety zones with configurable protective fields,pdf | report | technologies | 3 360° LiDAR-based safety zones with configurable protective fields,0,1,technologies.pdf,pdf,technologies: 3 360° LiDAR-based safety zones with configurable protective fields
pdfreport:technologies:technologies-4-emergency-stop-with-50ms-response-time,Technologies report — 4 Emergency stop with < 50ms response time,customer,technologies,Technologies (PDF report),64,Chikku Robotics,pdfreport,4 Emergency stop with < 50ms response time,pdf | report | technologies | 4 Emergency stop with < 50ms response time,0,1,technologies.pdf,pdf,technologies: 4 Emergency stop with < 50ms response time
pdfreport:technologies:technologies-5-fail-safe-braking-on-all-mobile-platforms,Technologies report — 5 Fail-safe braking on all mobile platforms,customer,technologies,Technologies (PDF report),65,Chikku Robotics,pdfreport,5 Fail-safe braking on all mobile platforms,pdf | report | technologies | 5 Fail-safe braking on all mobile platforms,0,1,technologies.pdf,pdf,technologies: 5 Fail-safe braking on all mobile platforms
pdfreport:technologies:technologies-6-redundant-light-detection-and-ranging-for-out,"Technologies report — 6 Redundant light detection and ranging for outdoor vehicles
Document generated from technologies.json — Chikku Robotics © 2026",customer,technologies,Technologies (PDF report),149,Chikku Robotics,pdfreport,6 Redundant light detection and ranging for outdoor vehicles,pdf | report | technologies | 6 Redundant light detection and ranging for outdoor vehicles,0,1,technologies.pdf,pdf,technologies: 6 Redundant light detection and ranging for outdoor vehicles
techdoc:README:developer-documentation-index,"README — # Developer Documentation Index
This folder is the long-form reference for maintaining and extending the app.
For a first-build walkthrough see [`../SETUP.md`](../SETUP.md).

| Doc | Audience |
|-----|----------|
| **[../AUDIT_REPORT.md](../AUDIT_REPORT.md)** | ⚠️ Đọc TRƯỚC — đối chiếu doc cũ vs code thật (commit `6d82842`) |
| **[../TECH_DEBT.md](../TECH_DEBT.md)** | Chủ dự án — danh sách dead code / config chết để dọn dẹp |
| [project-structure.md](project-structure.md) | Anyone new to the repo — directory & file reference |
| [architecture.md](architecture.md) | Anyone touching `www/js/app.js` or the voice loop |
| [offline-rag.md](offline-rag.md) | Anyone tuning the offline knowledge-base / retrieval |
| [native.md](native.md) | Anyone building APK/IPA or editing native plugins |
| [configuration.md](configuration.md) | Anyone changing behaviour via `CHIKKU_CONFIG` |
| [troubleshooting.md](troubleshooting.md) | Debugging, known issues, FAQ |

---",internal,README,Readme,973,Chikku Robotics,techdoc,Developer Documentation Index,documentation | README | Developer Documentation Index,0,1,Chikku_docs/README.md,markdown,Developer Documentation Index
techdoc:README:repository-structure#p0,"Readme — Repository structure
README — ## Repository structure
```
chikku_mobile/
├── README.md                  ← start here
├── SETUP.md                   ← first-build walkthrough
├── VOICE_FILLER_GUIDE.md      ← backend SSE /chat/voice contract
├── capacitor.config.json      ← webDir=www, appId, plugin config
├── package.json               ← npm scripts (sync, build, prepare:assets)
│
├── docs/                      ← this folder
│
├── www/                       ← the web app (this is what ships in the APK/IPA)
│   ├── index.html             ← page shells, DOM the JS hooks onto
│   ├── styles.css             ← all styling
│   └── js/
│       ├── app.js             ← THE app: 3364 lines, the entire voice loop
│       ├── api-client.js      ← window.chikkuAPI: healthCheck, createConversation,
│       │                        chatVoiceWithRetry (SSE)
│       ├── config.js          ← window.CHIKKU_CONFIG (see configuration.md)
│       ├── avatar-manager.js  ← AvatarManager: WebGL green-screen video renderer",internal,README,Readme,1021,Chikku Robotics,techdoc,Repository structure,documentation | README | Repository structure,0,3,Chikku_docs/README.md,markdown,Repository structure
techdoc:README:repository-structure#p1,"Readme — Repository structure
│       ├── avatar-manager.js  ← AvatarManager: WebGL green-screen video renderer
│       ├── wakeword-manager.js← WakewordManager: ONNX + AudioWorklet wake word
│       ├── offline-rag/       ← on-device RAG (10 files) — see offline-rag.md
│       └── offline-stt/       ← Moonshine STT manager + native bridge
│   ├── assets/                ← images, video, KB JSON, ONNX models, WASM
│   │   ├── model/             ← openWakeWord weights (Hi_chikku, melspec, VAD…)
│   │   ├── models/            ← transformers.js MiniLM model for RAG
│   │   ├── ort/               ← ONNX Runtime WASM binaries
│   │   ├── videos/            ← avatar green-screen MP4s (idle / speaking)
│   │   ├── audio/             ← ding.mp3
│   │   └── knowledge_base/    ← 8 KB JSON files + embeddings.json
│   └── vendor/                ← vendored libraries (onnxruntime, openwakeword, transformers)
│
├── scripts/                   ← asset/model prep + tests (run via npm scripts)
│   ├── copy-wakeword-assets.mjs
│   ├── download-moonshine-models.mjs",internal,README,Readme,1059,Chikku Robotics,techdoc,Repository structure,documentation | README | Repository structure,1,3,Chikku_docs/README.md,markdown,Repository structure
techdoc:README:repository-structure#p2,"Readme — Repository structure
│   ├── copy-wakeword-assets.mjs
│   ├── download-moonshine-models.mjs
│   ├── copy-moonshine-to-android-assets.mjs
│   ├── download-minilm-model.mjs
│   ├── build-kb-embeddings.mjs      ← generates embeddings.json
│   ├── test-offline-rag.mjs         ← npm run test:offline-rag
│   └── playwright-mic-test.mjs      ← npm run test:web:mic
│
├── android/                   ← Capacitor-generated Android project
│   └── app/src/main/java/com/chikkurobotics/chikku/
│       ├── MainActivity.java
│       └── MoonshineSttPlugin.java  ← custom Capacitor plugin (offline STT)
│
└── ios/                       ← Capacitor-generated iOS project
```",internal,README,Readme,670,Chikku Robotics,techdoc,Repository structure,documentation | README | Repository structure,2,3,Chikku_docs/README.md,markdown,Repository structure
techdoc:README:where-things-live-quick-lookup,"README — ## Where things live — quick lookup
| I want to… | Look at |
|------------|---------|
| Change what the bot says about itself | `www/js/offline-rag/templates.js`, `config.js` |
| Edit the knowledge base | `www/assets/knowledge_base/*.json` then `npm run build:kb-embeddings` |
| Tune RAG relevance | `www/js/config.js` → `offlineRAG.*` (see [configuration.md](configuration.md)) |
| Change the wake word | `www/js/config.js` → `wakeword.*` + retrain ONNX model |
| Change the avatar videos | `www/js/config.js` → `avatar.videoSources` + drop MP4s in `assets/videos/` |
| Point at a different backend | `www/js/config.js` → `apiBaseUrl` |
| Add a Capacitor plugin | see [native.md](native.md#adding-a-capacitor-plugin) |
| Change permissions | `android/app/src/main/AndroidManifest.xml`, `ios/App/App/Info.plist` |",internal,README,Readme,822,Chikku Robotics,techdoc,Where things live — quick lookup,documentation | README | Where things live — quick lookup,0,1,Chikku_docs/README.md,markdown,Where things live — quick lookup
techdoc:README:conventions,"README — ## Conventions
- **No build step.** `www/` is plain ES modules loaded directly by the WebView.
  Edit a `.js` file, run `npm run sync`, and it's in the app. There is no
  transpiler, bundler, or framework to satisfy.
- **`app.js` is the source of truth.** It owns the state machine and orchestrates
  every other module. Sibling modules (`avatar-manager.js`, `wakeword-manager.js`,
  `offline-rag/`, `offline-stt/`) are passive — they expose classes/managers and
  call back via callbacks/promise resolvers, they don't mutate app state.
- **Config over code.** Tunable behaviour lives in `CHIKKU_CONFIG`
  (`www/js/config.js`), not hardcoded. See [configuration.md](configuration.md).
- **Backend contract.** The frontend talks to the backend only through
  `window.chikkuAPI` (`api-client.js`). The SSE event schema is documented in
  [VOICE_FILLER_GUIDE.md](../VOICE_FILLER_GUIDE.md).",internal,README,Readme,895,Chikku Robotics,techdoc,Conventions,documentation | README | Conventions,0,1,Chikku_docs/README.md,markdown,Conventions
techdoc:architecture:architecture#p0,"Architecture — Architecture
architecture — # Architecture
How the runtime is organised and how a single voice turn flows through it.
Read this before editing `www/js/app.js`.

> ⚠️ **Thay đổi so với bản cũ:**
> - Cập nhật **toàn bộ line number** (bản cũ lệch 50–150 dòng do code đã thêm/sửa). Mọi số dòng giờ khớp commit `6d82842`.
> - Sửa phần ""Phase 1 parallel"": bản cũ nói có 4 promise (health/rag/mic/stt) trong `Promise.all` → thật chỉ 3 (health/rag/mic). Moonshine preload chạy SAU `Promise.all`.
> - Sửa ""optimistic preload torn down if healthy"" — không có logic này (phiên bản `sttEngine:'native'` cũ).
> - Sửa phần STT dispatch: nhấn mạnh với config hiện tại (`sttEngine:'moonshine'`) thì Moonshine dùng cho cả online+l offline; Capacitor/Web Speech chỉ chạy khi `sttEngine:'native'`.",internal,architecture,Architecture,793,Chikku Robotics,techdoc,Architecture,documentation | architecture | Architecture,0,2,Chikku_docs/architecture.md,markdown,Architecture
techdoc:architecture:architecture#p1,"Architecture — Architecture
> - **Lazy Moonshine load + native fallback (mới):** `shouldUseMoonshineSTT()` giờ phân biệt rõ `sttEngine:'moonshine'` (luôn dùng) vs `sttEngine:'native'` (chỉ Moonshine khi offline HOẶC khi native fail). Moonshine không preload tại boot nếu `sttEngine:'native'` + online. Nhánh native tear down Moonshine resident trước khi start. Native start-failure (≥`NATIVE_STT_FAIL_THRESHOLD=2`) → tự fallback sang Moonshine.
> - Bổ sung các logic doc cũ không mô tả: follow-up speech floor, stitch buffer, native silence floors, weather, volume.
>
> Tất cả line number tham chiếu `www/js/app.js` (3364 dòng) tr khi ghi file khác.",internal,architecture,Architecture,649,Chikku Robotics,techdoc,Architecture,documentation | architecture | Architecture,1,2,Chikku_docs/architecture.md,markdown,Architecture
techdoc:architecture:mental-model#p0,"Architecture — Mental model
architecture — ## Mental model
`app.js` is a **single 3364-line vanilla-JS module** that owns a small state
machine and orchestrates five sibling modules. There is no framework and no
build step — the WebView loads it directly as `<script type=""module"">`.

```
                          ┌──────────────────────────────────────────┐
                          │              app.js (orchestrator)        │
                          │  state · runtime · ui · voice loop        │
                          └──┬─────────┬─────────┬─────────┬─────────┘
                             │         │         │         │
            ┌────────────────┘         │         │         └────────────────┐
            ▼                          ▼         ▼                          ▼
   avatar-manager.js          wakeword-manager.js   offline-rag/        offline-stt/
   (WebGL video renderer)     (ONNX wake word)      (BM25+MiniLM RAG)   (Moonshine)
                             │
                             ▼  all backend I/O via window.chikkuAPI",internal,architecture,Architecture,1060,Chikku Robotics,techdoc,Mental model,documentation | architecture | Mental model,0,2,Chikku_docs/architecture.md,markdown,Mental model
techdoc:architecture:mental-model#p1,"Architecture — Mental model
                             │
                             ▼  all backend I/O via window.chikkuAPI
                             api-client.js  (healthCheck · chatVoice SSE)
```

Each sibling is **passive**: it exposes a class/manager and reports back through
callbacks or returned promises. **Only `app.js` mutates app state.**

---",internal,architecture,Architecture,361,Chikku Robotics,techdoc,Mental model,documentation | architecture | Mental model,1,2,Chikku_docs/architecture.md,markdown,Mental model
techdoc:architecture:state-objects,"architecture — ## State objects
Three module-level objects hold everything:",internal,architecture,Architecture,75,Chikku Robotics,techdoc,State objects,documentation | architecture | State objects,0,1,Chikku_docs/architecture.md,markdown,State objects
techdoc:architecture:state-app-js-8-conversation-flags,"architecture — ### `state` (app.js:8) — conversation flags
The authoritative high-level state. Every flag flip is followed by
`syncAvatarState()` so the avatar mirrors the conversation.

| field | meaning |
|-------|---------|
| `conversationId` | backend conversation id, or `local-<ts>` offline |
| `messageCount` | turn counter, persisted to `localStorage` |
| `isRecording` / `isProcessing` / `isSpeaking` / `isWaiting` | the four active states |
| `isError` | full-screen ERROR overlay active |
| `wakewordReady` / `wakewordActive` | wakeword model loaded / this turn was wake-triggered |
| `offlineMode` | answering from local KB; STT routes to Moonshine |
| `retryCount` / `maxRetries` | ERROR retry counter (default max 5) |",internal,architecture,Architecture,732,Chikku Robotics,techdoc,`state` (app.js:8) — conversation flags,documentation | architecture | `state` (app.js:8) — conversation flags,0,1,Chikku_docs/architecture.md,markdown,`state` (app.js:8) — conversation flags
techdoc:architecture:runtime-app-js-90-timers-handles-transient-flags#p0,"Architecture — `runtime` (app.js:90) — timers, handles, transient flags
architecture — ### `runtime` (app.js:90) — timers, handles, transient flags
All `setTimeout`/`setInterval` IDs, Capacitor listener handles, and the TTS
interrupt mechanism. Notable groups:

- **Flow control (app.js:91-100):** `apiAbortController`, `pendingSpeakRequestId` /
  `pendingSpeakResolver` / `pendingSpeakTimer` (TTS interrupt — see [Barge-in](#barge-in--interrupt)),
  `isCancellingFlow`, `lastFlowCancelledAt`, `suppressIdleOverlay`, `manualMicOnly`.
- **Wakeword gesture (app.js:100-104):** `wakewordIgnoreUntil`, `wakewordGestureUnlocked`,
  `wakewordGestureHandler`, `wakewordActivationPromise`.
- **Capacitor STT handles (app.js:104-106):** `capacitorPartialResultsHandle`,
  `capacitorListeningStateHandle`, `nativeRecordingTimeout`.
- **Follow-up timers (app.js:107-114):** `followUpRestartTimer`, `sttStartedAt`,
  `sttRetryCount`, `followUpTimer`, `followUpStatusTimer`, `followUpExpiresAt`,
  `followUpResumeMs`, `idleNewChatTimer`.
- **Offline engines — lazy singletons (app.js:115-122):** `offlineRAG`,",internal,architecture,Architecture,1096,Chikku Robotics,techdoc,"`runtime` (app.js:90) — timers, handles, transient flags","documentation | architecture | `runtime` (app.js:90) — timers, handles, transient flags",0,2,Chikku_docs/architecture.md,markdown,"`runtime` (app.js:90) — timers, handles, transient flags"
techdoc:architecture:runtime-app-js-90-timers-handles-transient-flags#p1,"Architecture — `runtime` (app.js:90) — timers, handles, transient flags
  `followUpResumeMs`, `idleNewChatTimer`.
- **Offline engines — lazy singletons (app.js:115-122):** `offlineRAG`,
  `offlineRagBuilding`, `offlineSTT`, `offlineSTTBuilding`, `offlineSTTFailedAt`
  (30s negative-cache window), `offlineSTTRetryCount` (bounded retry).
- **Misc:** `healthPollTimer`, `volume` + `volumeCollapseTimer`, `weatherPollTimer` /
  `weatherLat` / `weatherLon` / `greetingSpoken`.",internal,architecture,Architecture,473,Chikku Robotics,techdoc,"`runtime` (app.js:90) — timers, handles, transient flags","documentation | architecture | `runtime` (app.js:90) — timers, handles, transient flags",1,2,Chikku_docs/architecture.md,markdown,"`runtime` (app.js:90) — timers, handles, transient flags"
techdoc:architecture:ui-app-js-30-cached-dom-refs,"architecture — ### `ui` (app.js:30) — cached DOM refs
Plain `getElementById` lookups grouped by region (avatar layer, kiosk layers,
status bar, weather, text-input panel, exit dialog, chat row).

---",internal,architecture,Architecture,199,Chikku Robotics,techdoc,`ui` (app.js:30) — cached DOM refs,documentation | architecture | `ui` (app.js:30) — cached DOM refs,0,1,Chikku_docs/architecture.md,markdown,`ui` (app.js:30) — cached DOM refs
techdoc:architecture:state-machine,"architecture — ## State machine
Five avatar states are defined in `avatar-manager.js` (`AVATAR_STATES`,
`avatar-manager.js:1-7`): `IDLE`, `LISTENING`, `THINKING`, `SPEAKING`, `ERROR`.
Each maps to a green-screen MP4 played through a WebGL chroma-key shader. The
AvatarManager is a pure renderer — **`app.js` owns the transitions**.",internal,architecture,Architecture,331,Chikku Robotics,techdoc,State machine,documentation | architecture | State machine,0,1,Chikku_docs/architecture.md,markdown,State machine
techdoc:architecture:syncavatarstate-app-js-150-the-single-source-of-truth,"architecture — ### `syncAvatarState()` (app.js:150) — the single source of truth
Priority resolver (highest wins):

| condition | → state |
|-----------|---------|
| `isError` | `ERROR` |
| `isSpeaking` | `SPEAKING` |
| `isRecording` | `LISTENING` (beats `isWaiting`) |
| `isProcessing` or `isWaiting` | `THINKING` |
| otherwise | `IDLE` (or `THINKING` if `suppressIdleOverlay`) |

`syncKioskComponents(state)` (app.js:188) mirrors the same state onto the
non-avatar overlays (glow ring, barge-in button, idle overlay, action row,
error overlay).",internal,architecture,Architecture,546,Chikku Robotics,techdoc,`syncAvatarState()` (app.js:150) — the single source of truth,documentation | architecture | `syncAvatarState()` (app.js:150) — the single source of truth,0,1,Chikku_docs/architecture.md,markdown,`syncAvatarState()` (app.js:150) — the single source of truth
techdoc:architecture:transition-diagram#p0,"Architecture — Transition diagram
architecture — ### Transition diagram
```
                  ┌──────────────── ERROR   (backend down + no offline RAG)
                  │              ↑ applyBackendHealth() sets isError
                  │              ↓ any interaction / health restore
                  │
  (boot) ──► IDLE ─┬── wakeword ""hi chikku"" ──┐
                  │                           │  startWakewordConversation()
                  │                           ▼
                  │   ┌──── (greeting) ───────────► SPEAKING
                  │   │                                │
                  │   │ tap mic / tap-to-speak         │ speak() ends
                  │   │ / barge-in button              ▼
                  └──►├──► LISTENING ◄──────────── FOLLOW-UP (isWaiting, looks THINKING)
                      │      │ STT final transcript       │ 10 s window
                      │      ▼                            │ or new wake/tap
                      │   THINKING (isProcessing)         │
                      │      │ speak() starts             │",internal,architecture,Architecture,1083,Chikku Robotics,techdoc,Transition diagram,documentation | architecture | Transition diagram,0,3,Chikku_docs/architecture.md,markdown,Transition diagram
techdoc:architecture:transition-diagram#p1,"Architecture — Transition diagram
                      │   THINKING (isProcessing)         │
                      │      │ speak() starts             │
                      │      ▼                            │
                      │   SPEAKING                        │
                      │      │ TTS done                   │
                      │      └──► startFollowUpTimer ─────┘
                      │
                      └── (follow-up timeout, 2 min idle) ──► IDLE
```

Key transition helpers:

| function | role |
|----------|------|
| `beginListeningSession(triggerSource)` (app.js:601) | canonical entry to LISTENING — pauses wakeword, cancels in-flight flow, force-sets LISTENING before any `await` (anti-flicker), plays ding (if not native), starts recording |
| `setRecordingState(bool)` (app.js:1991) | sets `isRecording` + status text + `syncAvatarState()` |
| `cancelCurrentFlow(reason, options)` (app.js:551) | universal teardown — abort fetch, clear timers, stop recording + speaking, clear ERROR. Dedupes within 1 s when idle |",internal,architecture,Architecture,1059,Chikku Robotics,techdoc,Transition diagram,documentation | architecture | Transition diagram,1,3,Chikku_docs/architecture.md,markdown,Transition diagram
techdoc:architecture:transition-diagram#p2,"Architecture — Transition diagram
| `exitWaitingToIdle(reason)` (app.js:977) | leave follow-up, resume wakeword, start the 2-min idle timer |

---",internal,architecture,Architecture,146,Chikku Robotics,techdoc,Transition diagram,documentation | architecture | Transition diagram,2,3,Chikku_docs/architecture.md,markdown,Transition diagram
techdoc:architecture:the-voice-loop-end-to-end,"architecture — ## The voice loop end-to-end
One full turn, wake word → spoken answer:",internal,architecture,Architecture,85,Chikku Robotics,techdoc,The voice loop end-to-end,documentation | architecture | The voice loop end-to-end,0,1,Chikku_docs/architecture.md,markdown,The voice loop end-to-end
techdoc:architecture:1-wake-word-detection,"architecture — ### 1. Wake word detection
`initWakeword()` (app.js:1050) builds `WakewordManager` with an `onDetected`
callback. On detection it calls `getWakewordBlockReason()` (app.js:249) which
returns `null` only when wakeword-ready, off cooldown, not cancelling, not in
any active state, and the voice page is visible. If unblocked →
`startWakewordConversation()`.

> Wake word cần **user gesture** trước khi bắt đầu listen (autoplay policy).
> `attachWakewordGestureListeners` (app.js:342) gắn listener `pointerdown`/`keydown`
> trên document; lần tap đầu tiên mới `activateWakewordAfterGesture` (app.js:307).",internal,architecture,Architecture,615,Chikku Robotics,techdoc,1. Wake word detection,documentation | architecture | 1. Wake word detection,0,1,Chikku_docs/architecture.md,markdown,1. Wake word detection
techdoc:architecture:2-greeting,"architecture — ### 2. Greeting
`startWakewordConversation()` (app.js:638) picks the online/offline greeting,
pauses the wake word, creates a conversation (`createConversation()` online,
`local-<ts>` offline), appends the greeting bubble, calls `speak(greeting)`,
then opens the follow-up window.",internal,architecture,Architecture,295,Chikku Robotics,techdoc,2. Greeting,documentation | architecture | 2. Greeting,0,1,Chikku_docs/architecture.md,markdown,2. Greeting
techdoc:architecture:speech-to-text-dispatch#p0,"Architecture — Speech-to-text dispatch
architecture — ### Speech-to-text dispatch
`startRecording()` (app.js:1457) quyết định engine qua `shouldUseMoonshineSTT()`
(app.js:1380). Moonshine được chọn khi **bất kỳ** điều kiện nào dưới đây (và
`offlineSTT.enabled` vẫn là kill-switch):

```
shouldUseMoonshineSTT():
  if !offlineSTT.enabled        → false
  if sttEngine === 'moonshine'  → true        // Moonshine là engine cấu hình
  if state.offlineMode          → true        // native cloud STT không dùng được
  if useMoonshineFallback       → true        // native engine fail nhiều lần
  → false
```

Điều này có nghĩa:

- `sttEngine:'moonshine'` (default) → Moonshine dùng cho **cả online lẫn offline**,
  preload ngay tại boot.
- `sttEngine:'native'` + online → dùng Capacitor SpeechRecognition (cloud). Moonshine
  **không** được preload tại boot, để mic tự do cho native plugin.
- `sttEngine:'native'` + offline → Moonshine được force (cloud STT cần network),
  `applyBackendHealth()` sẽ lazy-load khi offline.
- `sttEngine:'native'` + native plugin fail start nhiều lần",internal,architecture,Architecture,1078,Chikku Robotics,techdoc,Speech-to-text dispatch,documentation | architecture | Speech-to-text dispatch,0,4,Chikku_docs/architecture.md,markdown,Speech-to-text dispatch
techdoc:architecture:speech-to-text-dispatch#p1,"Architecture — Speech-to-text dispatch
  `applyBackendHealth()` sẽ lazy-load khi offline.
- `sttEngine:'native'` + native plugin fail start nhiều lần
  (`NATIVE_STT_FAIL_THRESHOLD = 2`) → `useMoonshineFallback` bật, chuyển sang
  Moonshine cho phần còn lại của session.

Priority trong `startRecording`:

1. **Moonshine** (`shouldUseMoonshineSTT()` true, app.js:1573) → `_startOfflineSTT()`
   (app.js:1782). Streams partials/finals qua callbacks
   `onPartial`/`onFinal`/`onSpeechStart`/`onSpeechEnd`.
2. **Capacitor native** (`CapacitorSTT`, app.js:1641) → `_startCapacitorSTT()`
   (app.js:1663). Chỉ chạy khi `sttEngine:'native'` + online + chưa fallback. Dùng
   **final-only** (`partialResults:false`), đăng ký `listeningState` listener.
   Trước khi gọi native, nhánh này **tear down Moonshine resident** (nếu có, không
   đang listen) để tránh mic contention (app.js:1641-1655).
3. **Web Speech API** (`WebSTT`, app.js:1650) → `_startWebSTT()` (app.js:1829).
   Fallback cho browser.

Transcripts accumulate in module-level `finalTranscript` (app.js:1373).",internal,architecture,Architecture,1065,Chikku Robotics,techdoc,Speech-to-text dispatch,documentation | architecture | Speech-to-text dispatch,1,4,Chikku_docs/architecture.md,markdown,Speech-to-text dispatch
techdoc:architecture:speech-to-text-dispatch#p2,"Architecture — Speech-to-text dispatch
   Fallback cho browser.

Transcripts accumulate in module-level `finalTranscript` (app.js:1373).

> **Native → Moonshine fallback.** Khi `_startCapacitorSTT` `.catch` nhận lỗi,
> `classifyNativeSttError()` (app.js:1427) phân loại 2 nhóm:
> - **`'no-input'`** (benign recognition outcome) — ""No match"" / ""No speech"" /
>   ""Speech timeout"" / aborted. Đây là tín hiệu end-of-session bình thường
>   (user im lặng / không khớp) → log ở `console.log` (không phải error), và
>   **reset** `nativeSttFailCount` để một glitch đơn lẻ không còn mang theo.
> - **`'start-failure'`** (engine không chạy được) — audio capture / recognizer
>   busy / service missing / network / server / permission.
>   `recordNativeSttStartFailure()` (app.js:1483) tăng `runtime.nativeSttFailCount`;
>   đạt `NATIVE_STT_FAIL_THRESHOLD` (2, app.js:719) → `runtime.useMoonshineFallback`
>   bật, mọi `startRecording()` tiếp theo đi nhánh Moonshine.
>
> Matcher **fail-safe**: mọi lỗi không nhận diện được (empty / unknown) →",internal,architecture,Architecture,1033,Chikku Robotics,techdoc,Speech-to-text dispatch,documentation | architecture | Speech-to-text dispatch,2,4,Chikku_docs/architecture.md,markdown,Speech-to-text dispatch
techdoc:architecture:speech-to-text-dispatch#p3,"Architecture — Speech-to-text dispatch
>
> Matcher **fail-safe**: mọi lỗi không nhận diện được (empty / unknown) →
> `'start-failure'` (kiosk phải giữ responsive). Message được normalize: strip
> prefix exception (`CapacitorException: …`), lowercase, collapse separators
> (space/underscore/hyphen) → khớp được mọi variant (`""No match""`, `no_match`,
> `nomatch`, `NO MATCH`). Bug cũ: classifier chỉ check `no_match` (underscore)
> nên message thực `""No match""` (space) bị counted → 2 lần silent = fallback sai.
> Flag reset khi user re-engage hoặc backend recover (offline→online).

> **Native STT silence floors** (app.js:860-872): `completeSilenceLengthMs:2000`,
> `possiblyCompleteSilenceLengthMs:1500`, `minimumSessionLengthMs:5000`. Follow-up
> turn mở rộng lên `FOLLOW_UP_TIMEOUT_MS` (10s).",internal,architecture,Architecture,796,Chikku Robotics,techdoc,Speech-to-text dispatch,documentation | architecture | Speech-to-text dispatch,3,4,Chikku_docs/architecture.md,markdown,Speech-to-text dispatch
techdoc:architecture:4-stop-handle-transcript,"architecture — ### 4. Stop + handle transcript
`stopRecording()` (app.js:1902) tears down whichever STT engine is active,
flushes `finalTranscript`, and if non-empty calls `handleTranscript(transcript)`.",internal,architecture,Architecture,203,Chikku Robotics,techdoc,4. Stop + handle transcript,documentation | architecture | 4. Stop + handle transcript,0,1,Chikku_docs/architecture.md,markdown,4. Stop + handle transcript
techdoc:architecture:5-handletranscript-query-app-js-2025-the-brain,"architecture — ### 5. `handleTranscript(query)` (app.js:2025) — the brain
Guards against empty/re-entrant input (drops if TTS still playing), sets
`isProcessing`, appends the user bubble, then branches:

- **Offline mode** (app.js:2067) → `getOfflineRAG()` → `rag.answer(query)` →
  `speak()` → `startFollowUpTimer()`.
- **Online mode** (app.js:2120) → `createFlowAbortController()`, then
  `window.chikkuAPI.chatVoiceWithRetry(query, conversationId, { signal, onFiller })`.
  On success → adopt `conversation_id` from the `done` event, `speak()`,
  follow-up. On **non-abort** error (app.js:2156) → flip `offlineMode=true` and
  retry via offline RAG (graceful degradation). On `AbortError` → no-op (user interrupted).",internal,architecture,Architecture,719,Chikku Robotics,techdoc,5. `handleTranscript(query)` (app.js:2025) — the brain,documentation | architecture | 5. `handleTranscript(query)` (app.js:2025) — the brain,0,1,Chikku_docs/architecture.md,markdown,5. `handleTranscript(query)` (app.js:2025) — the brain
techdoc:architecture:6-speak,"architecture — ### 6. Speak
`speak(text)` (app.js:1210) cleans the text (`cleanTextForSpeech` app.js:1171 —
strip markdown/emoji), bumps `pendingSpeakRequestId` (the cancel mechanism),
pauses the wake word, then:
**Priority 1** — `CapacitorTTS.speak()`; sets `isSpeaking` + SPEAKING avatar
~200 ms **before** starting audio (app.js:1261-1274) so the 4K video decoder has
a head start. **Priority 2** — Web `speechSynthesis`.",internal,architecture,Architecture,424,Chikku Robotics,techdoc,6. Speak,documentation | architecture | 6. Speak,0,1,Chikku_docs/architecture.md,markdown,6. Speak
techdoc:architecture:7-follow-up-window-opens,"architecture — ### 7. Follow-up window opens
`startFollowUpTimer()` (app.js:916) sets `isWaiting=true`, arms a 10 s timeout,
and calls `beginFollowUpListen()` (app.js:842) on the next tick so the visitor
can speak immediately without re-triggering the wake word.",internal,architecture,Architecture,262,Chikku Robotics,techdoc,7. Follow-up window opens,documentation | architecture | 7. Follow-up window opens,0,1,Chikku_docs/architecture.md,markdown,7. Follow-up window opens
techdoc:architecture:filler-bridging-online-only,"architecture — ### Filler bridging (online only)
Khi backend emit SSE `filler` event (FAQ cache miss, ~4–6 s LLM wait),
`onFiller` → `speakFiller()` (app.js:1146) speaks a random sentence from
`FILLER_SENTENCES` (app.js:1123). Real response's `speak()` tự cancel filler
mid-utterance qua `pendingSpeakRequestId`.

---",internal,architecture,Architecture,317,Chikku Robotics,techdoc,Filler bridging (online only),documentation | architecture | Filler bridging (online only),0,1,Chikku_docs/architecture.md,markdown,Filler bridging (online only)
techdoc:architecture:online-vs-offline-mode,"architecture — ## Online vs offline mode
App liên tục probe backend và switch mode tự động.",internal,architecture,Architecture,91,Chikku Robotics,techdoc,Online vs offline mode,documentation | architecture | Online vs offline mode,0,1,Chikku_docs/architecture.md,markdown,Online vs offline mode
techdoc:architecture:boot-health-check-runloading-app-js-2355,"architecture — ### Boot health check (`runLoading`, app.js:2355)
`healthCheck()` retried up to `bootHealthRetries` (3) với `bootHealthRetryDelayMs`
(1 s) giữa các attempt, mỗi attempt fail-fast ở `bootHealthTimeoutMs` (2 s)
(app.js:2374-2385). Backend down → offline trong ~7-9 s.
`state.offlineMode = !healthy` (app.js:2412).",internal,architecture,Architecture,326,Chikku Robotics,techdoc,"Boot health check (`runLoading`, app.js:2355)","documentation | architecture | Boot health check (`runLoading`, app.js:2355)",0,1,Chikku_docs/architecture.md,markdown,"Boot health check (`runLoading`, app.js:2355)"
techdoc:architecture:periodic-poll-starthealthpoll-app-js-2693,"architecture — ### Periodic poll — `startHealthPoll()` (app.js:2693)
`setInterval` mỗi `HEALTH_POLL_MS` (8 s, app.js:2691); mỗi tick gọi `healthCheck()`
rồi `applyBackendHealth(healthy)`.",internal,architecture,Architecture,187,Chikku Robotics,techdoc,Periodic poll — `startHealthPoll()` (app.js:2693),documentation | architecture | Periodic poll — `startHealthPoll()` (app.js:2693),0,1,Chikku_docs/architecture.md,markdown,Periodic poll — `startHealthPoll()` (app.js:2693)
techdoc:architecture:applybackendhealth-healthy-app-js-2712#p0,"Architecture — `applyBackendHealth(healthy)` (app.js:2712)
architecture — ### `applyBackendHealth(healthy)` (app.js:2712)
- Flip `state.offlineMode`.
- **Online → offline (app.js:2718-2753):** reset offline-STT failure cache +
  retry counter; nếu `sttEngine!=='moonshine'` thì tear down stale STT manager;
  kick `getOfflineSTT()` preload Moonshine. Lúc này `shouldUseMoonshineSTT()`
  đã true (offline mode force Moonshine) nên Moonshine lazy-load.
- **Offline → online (app.js:2763-2787):** nếu `sttEngine!=='moonshine'` VÀ
  Moonshine không đang listen (`!runtime.offlineSTT.isListening`) → tear down
  Moonshine để release mic cho native SpeechRecognition. **Lưu ý:** không cần
  chờ fully-idle như trước — Moonshine nhả mic giữa các session, nên
  speaking/processing/waiting đều an toàn; một defensive backstop cũng có sẵn
  trong `startRecording()` (tear down Moonshine resident ngay trước khi native
  start). Ngoài ra, nếu `useMoonshineFallback` đang set, clear nó +
  `nativeSttFailCount` để cho native engine cơ hội thử lại sau khi backend restore.",internal,architecture,Architecture,1060,Chikku Robotics,techdoc,`applyBackendHealth(healthy)` (app.js:2712),documentation | architecture | `applyBackendHealth(healthy)` (app.js:2712),0,2,Chikku_docs/architecture.md,markdown,`applyBackendHealth(healthy)` (app.js:2712)
techdoc:architecture:applybackendhealth-healthy-app-js-2712#p1,"Architecture — `applyBackendHealth(healthy)` (app.js:2712)
  `nativeSttFailCount` để cho native engine cơ hội thử lại sau khi backend restore.
- **ERROR overlay rule (app.js:2779-2792):** chỉ show khi offline VÀ offline RAG
  unavailable (kể cả đang build). Otherwise app stays usable.",internal,architecture,Architecture,285,Chikku Robotics,techdoc,`applyBackendHealth(healthy)` (app.js:2712),documentation | architecture | `applyBackendHealth(healthy)` (app.js:2712),1,2,Chikku_docs/architecture.md,markdown,`applyBackendHealth(healthy)` (app.js:2712)
techdoc:architecture:updatenetworkui-app-js-2799,"architecture — ### `updateNetworkUI()` (app.js:2799)
Toggle status-bar dot/icon/label: green *Connected* vs amber-pulse *Offline-mode*.

> **Lazy Moonshine preload.** Boot: offline RAG KB luôn preload song song với
> health check (app.js:2390). Moonshine preload chạy SAU `Promise.all`
> (app.js:2423) **chỉ khi** `shouldUseMoonshineSTT()` — tức `sttEngine:'moonshine'`,
> HOẶC offline-mode (native cloud STT không khả dụng). Với `sttEngine:'native'` +
> backend healthy, Moonshine **không** load tại boot → mic tự do cho native
> SpeechRecognition, tránh bug mic contention khi backend cold-start chậm.

See [offline-rag.md](offline-rag.md) for the RAG internals and
[configuration.md](configuration.md) for the health-check knobs.

---",internal,architecture,Architecture,737,Chikku Robotics,techdoc,`updateNetworkUI()` (app.js:2799),documentation | architecture | `updateNetworkUI()` (app.js:2799),0,1,Chikku_docs/architecture.md,markdown,`updateNetworkUI()` (app.js:2799)
techdoc:architecture:follow-up-window#p0,"Architecture — Follow-up window
architecture — ## Follow-up window
Sau mỗi `speak()` completion (greeting, online/offline response, error) mở cửa sổ
follow-up 10 s (`FOLLOW_UP_TIMEOUT_MS = 10_000`, app.js:698).

| timer / field | role |
|---------------|------|
| `followUpTimer` | the 10 s `setTimeout` (app.js:934) |
| `followUpStatusTimer` | 1 s `setInterval` updating ""Listening… Ns"" countdown (app.js:927) |
| `followUpExpiresAt` | epoch-ms deadline (app.js:921) |
| `followUpResumeMs` | frozen remainder when paused (app.js:737) |

| function | role |
|----------|------|
| `startFollowUpTimer()` (app.js:916) | open the window |
| `pauseFollowUpTimer()` / `resumeFollowUpTimer()` (app.js:729 / 748) | freeze/restore countdown |
| `refreshFollowUpWhileSpeaking()` (app.js:772) | top-up remainder lên `FOLLOW_UP_SPEECH_FLOOR_MS` (10 s, app.js:762) để không cắt mid-utterance. **Không doc cũ đề cập.** |
| `beginFollowUpListen()` (app.js:842) | restart STT inside the window without wake word |
| `exitWaitingToIdle()` (app.js:977) | close the window, resume wake word, start idle timer |",internal,architecture,Architecture,1092,Chikku Robotics,techdoc,Follow-up window,documentation | architecture | Follow-up window,0,2,Chikku_docs/architecture.md,markdown,Follow-up window
techdoc:architecture:follow-up-window#p1,"Architecture — Follow-up window
| `exitWaitingToIdle()` (app.js:977) | close the window, resume wake word, start idle timer |
| `startIdleNewChatTimer()` (app.js:1009) | 2 min idle → silent new conversation (`IDLE_NEW_CHAT_TIMEOUT_MS`, app.js:699) |

> **The wake word is intentionally NOT resumed during the follow-up window**
> (`resumeWakewordListening` early-returns if `isWaiting`, app.js:389) — STT
> owns the mic for the whole window.

---",internal,architecture,Architecture,446,Chikku Robotics,techdoc,Follow-up window,documentation | architecture | Follow-up window,1,2,Chikku_docs/architecture.md,markdown,Follow-up window
techdoc:architecture:barge-in-interrupt,"architecture — ## Barge-in / interrupt
Two layers:",internal,architecture,Architecture,50,Chikku Robotics,techdoc,Barge-in / interrupt,documentation | architecture | Barge-in / interrupt,0,1,Chikku_docs/architecture.md,markdown,Barge-in / interrupt
techdoc:architecture:barge-in-button-app-js-2994,"architecture — ### Barge-in button (app.js:2994)
Visible only during `SPEAKING` (app.js:194). On `pointerdown`: set
`suppressIdleOverlay=true`, `cancelCurrentFlow('barge-in')` then
`beginListeningSession('manual')` (app.js:3004-3007).",internal,architecture,Architecture,234,Chikku Robotics,techdoc,Barge-in button (app.js:2994),documentation | architecture | Barge-in button (app.js:2994),0,1,Chikku_docs/architecture.md,markdown,Barge-in button (app.js:2994)
techdoc:architecture:cancelcurrentflow-reason-options-app-js-551,"architecture — ### `cancelCurrentFlow(reason, options)` (app.js:551)
Universal teardown — aborts `runtime.apiAbortController`, clears all timers,
stops recording + speaking, clears ERROR. Dedupes a second call within 1 s
when nothing is active (app.js:560-570 — the barge-in handler chains into
`beginListeningSession`, which itself calls `cancelCurrentFlow`).",internal,architecture,Architecture,360,Chikku Robotics,techdoc,"`cancelCurrentFlow(reason, options)` (app.js:551)","documentation | architecture | `cancelCurrentFlow(reason, options)` (app.js:551)",0,1,Chikku_docs/architecture.md,markdown,"`cancelCurrentFlow(reason, options)` (app.js:551)"
techdoc:architecture:tts-level-interrupt-stopspeaking-app-js-1352,"architecture — ### TTS-level interrupt (`stopSpeaking`, app.js:1352)
Bumps `pendingSpeakRequestId`, resolves `pendingSpeakResolver` (which races
against `CapacitorTTS.speak()` inside `speak()`), then `CapacitorTTS.stop()`.
The id mechanism is also what lets a new `speak()` (the real response) cancel a
filler mid-utterance.

---",internal,architecture,Architecture,329,Chikku Robotics,techdoc,"TTS-level interrupt (`stopSpeaking`, app.js:1352)","documentation | architecture | TTS-level interrupt (`stopSpeaking`, app.js:1352)",0,1,Chikku_docs/architecture.md,markdown,"TTS-level interrupt (`stopSpeaking`, app.js:1352)"
techdoc:architecture:session-persistence-localstorage,"architecture — ## Session persistence — `localStorage`
> ⚠️ **KNOWN ISSUE.** Sessions and volume persisted trong `window.localStorage`,
> **không** Capacitor Preferences. `@capacitor/preferences` có trong `package.json`
> nhưng `app.js` không dùng. Hoạt động cả 2 platform nhưng không phải approach
> cross-platform khuyến nghị (localStorage có thể bị WebView clear). Xem
> [troubleshooting.md](troubleshooting.md).

| key | shape | restored at |
|-----|-------|-------------|
| `chikku_session` | `{ conversation_id, message_count }` | boot, if online & healthy (app.js:2441-2457) |
| `chikku_volume` | integer 0–100 (default 80) | boot, before any TTS (app.js:3358) |

---",internal,architecture,Architecture,674,Chikku Robotics,techdoc,Session persistence — `localStorage`,documentation | architecture | Session persistence — `localStorage`,0,1,Chikku_docs/architecture.md,markdown,Session persistence — `localStorage`
techdoc:architecture:boot-sequence#p0,"Architecture — Boot sequence
architecture — ## Boot sequence
Entry point là IIFE ở cuối `app.js` (app.js:3353):

```
requestWakeLock()
runtime.volume = getStoredVolume()       // restore before TTS
ui.volumeSlider.value = runtime.volume
updateVolumeIcon(runtime.volume)
initAvatarSurface()                      // AvatarManager init (WebGL chroma-key)
await runLoading()
```

`runLoading()` (app.js:2355) có 3 phase:

**Phase 1 — parallel** (`Promise.all`, app.js:2411) — **chỉ 3 promise**:
- `healthPromise` (app.js:2372) — boot health check with retries.
- `ragPromise` (app.js:2390) — `getOfflineRAG()` + `warmUp()` (luôn, kể cả online,
  để fallback tức thì).
- `micPromise` (app.js:2407) — `requestMicWithTimeout(10000)` →
  `requestMicPermission()` (Capacitor first, `getUserMedia` fallback).

Sau `Promise.all`: `state.offlineMode = !healthy` (app.js:2412). Moonshine
preload chạy **sau** (app.js:2423) nếu `shouldUseMoonshineSTT()` — không nằm
trong `Promise.all`. Lazy: chỉ load khi Moonshine là engine thực sự dùng",internal,architecture,Architecture,1024,Chikku Robotics,techdoc,Boot sequence,documentation | architecture | Boot sequence,0,2,Chikku_docs/architecture.md,markdown,Boot sequence
techdoc:architecture:boot-sequence#p1,"Architecture — Boot sequence
trong `Promise.all`. Lazy: chỉ load khi Moonshine là engine thực sự dùng
(`sttEngine:'moonshine'` hoặc offline-mode). Với `sttEngine:'native'` + healthy,
Moonshine không load tại boot → tránh mic contention với native SpeechRecognition.

**Phase 2 — sequential** (app.js:2438):
- Session restore/create (online) hoặc local-id (offline/failed).
- **TTS warm-up** (app.js:2472): `CapacitorTTS.speak({ text: '.', volume: 0 })` —
  forces the 1–3 s Android TTS engine init now so the launch greeting is instant.
- `initWakeword()` (app.js:2491) — loads the ONNX model, starts listening after
  first user gesture.

**Phase 3 — voice page** (app.js:2503):
- `state.isSpeaking = true` set **before** `showPage('voice')` so the idle
  overlay never flashes.
- `startHealthPoll()` (app.js:2506), `fetchWeather()` (app.js:2507) + 30 min
  interval.
- `playLaunchGreeting()` (app.js:2516) speaks the greeting once, opens the
  follow-up window.

All button `addEventListener` calls are top-level (not inside `runLoading`).

---",internal,architecture,Architecture,1046,Chikku Robotics,techdoc,Boot sequence,documentation | architecture | Boot sequence,1,2,Chikku_docs/architecture.md,markdown,Boot sequence
techdoc:architecture:t-nh-n-ng-kh-ng-doc-c-n-o-c-p,"architecture — ## Tính năng không doc cũ nào đề cập
- **Weather** (app.js:2227-2351): Open-Meteo API (free, no key), poll mỗi 30 min.
  Default location Bengaluru (12.9716, 77.5946) nếu geolocation fail (app.js:2281-2284).
  Cập nhật status bar `weatherTemp`/`weatherDesc`/`weatherLoc` + SVG icon.
- **Volume slider** (app.js:3136-3234): dropdown từ status bar, persist
  `chikku_volume`, auto-collapse 3 s, icon mute/low/normal.
- **Exit password gate** (app.js:3016-3122): dialog centered, so khớp
  `exitPassword` config. `''` disables → exit ngay.
- **Wake-lock re-acquire** (app.js:3329-3349): `navigator.wakeLock.request('screen')`,
  re-acquire on `visibilitychange` + on release.
- **Stitch buffer** (offline-stt/index.js:93-349): gộp nhiều Moonshine final thành
  1 transcript sau `stitchTimeoutMs=1500ms` im lặng — chống early-cutoff khi user
  ngắt quãng (""uh…"", ""hmm…"").
- **Offline STT negative cache + bounded retry** (app.js:2641, 1538-1557):
  30 s negative-cache sau load fail; bounded retry 3 lần với backoff
  `[2000,5000,10000]`.

---",internal,architecture,Architecture,1054,Chikku Robotics,techdoc,Tính năng không doc cũ nào đề cập,documentation | architecture | Tính năng không doc cũ nào đề cập,0,1,Chikku_docs/architecture.md,markdown,Tính năng không doc cũ nào đề cập
techdoc:architecture:backend-contract,"architecture — ## Backend contract
Frontend talk với backend CHỈ qua `window.chikkuAPI` (`api-client.js`). 3 endpoint:

| method | path | used by | notes |
|--------|------|---------|-------|
| `GET` | `/health` | `healthCheck()` (api-client.js:42) | polled mỗi 8 s |
| `POST` | `/conversation/new` | `createConversation()` (api-client.js:51) | returns `conversation_id` |
| `POST` | `/chat/voice` | `chatVoice()` (api-client.js:80) | SSE stream |

SSE event schema (`filler` / `response` / `done` / `error`) documented trong
[VOICE_FILLER_GUIDE.md](../VOICE_FILLER_GUIDE.md).

> Legacy `POST /chat/text` (one JSON blob) không còn gọi từ frontend —
> `sendMessage`/`sendMessageWithRetry` đã xoá. grep `/chat/text` trong `www/js/` = 0.",internal,architecture,Architecture,734,Chikku Robotics,techdoc,Backend contract,documentation | architecture | Backend contract,0,1,Chikku_docs/architecture.md,markdown,Backend contract
techdoc:configuration:configuration-reference,"configuration — # Configuration reference
> ⚠️ **Thay đổi so với bản cũ:**
> - Sửa `offlineSTT.enabled` default từ `false` → **`true`** (thật sự trong code, bản cũ sai).
> - Sửa `detectionMinFrames` từ `2` → **`3`**.
> - Đánh dấu `splashDurationMs` là **config chết** (không chỗ đọc) — xem [TECH_DEBT.md](../TECH_DEBT.md#11-).
> - Bổ sung `sttEngine` (field quan trọng bản cũ không có trong bảng Top-level).
> - Mọi default đều dẫn `config.js:line` để re-verify.

All runtime behaviour is driven by `window.CHIKKU_CONFIG` in
[`www/js/config.js`](../www/js/config.js). This is a complete reference; the
file itself is heavily commented, so this doc focuses on *what each knob does
and how to tune it*.

Edit the file, then `npm run sync` (no rebuild needed — the WebView loads it
directly).",internal,configuration,Configuration,789,Chikku Robotics,techdoc,Configuration reference,documentation | configuration | Configuration reference,0,1,Chikku_docs/configuration.md,markdown,Configuration reference
techdoc:configuration:top-level#p0,"Configuration — Top-level
configuration — ## Top-level
| Field | Default | config.js | Purpose |
|-------|---------|-----------|---------|
| `apiBaseUrl` | `http://100.79.75.31:8000` | L8 | Backend URL. Device must be on the same network. |
| `apiTimeoutMs` | `180000` | L9 | Per-request timeout (read in `api-client.js:9`). LLM turns are slow — keep high. |
| `apiRetryAttempts` | `3` | L10 | Retry count for `chatVoiceWithRetry`. |
| `apiRetryDelayMs` | `2000` | L11 | Backoff between retries. |
| `bootHealthRetries` | `3` | L17 | Fast boot attempts before offline fallback. |
| `bootHealthRetryDelayMs` | `1000` | L18 | Delay between boot health attempts. |
| `bootHealthTimeoutMs` | `2000` | L19 | Per-attempt fetch timeout. Read in `app.js:2376`. |
| `splashDurationMs` | `3000` | L20 | ⚠️ **CONFIG CHẾT** — không có chỗ đọc (xem [TECH_DEBT 1.1](../TECH_DEBT.md#11-)). Loading screen chờ `Promise.all` health/rag/mic, không sleep theo biến này. |
| `exitPassword` | `'chikku'` | L23 | Password to exit the kiosk (`app.js:3016`). `''` disables the gate. |",internal,configuration,Configuration,1060,Chikku Robotics,techdoc,Top-level,documentation | configuration | Top-level,0,3,Chikku_docs/configuration.md,markdown,Top-level
techdoc:configuration:top-level#p1,"Configuration — Top-level
| `exitPassword` | `'chikku'` | L23 | Password to exit the kiosk (`app.js:3016`). `''` disables the gate. |
| `ttsLang` | `en-US` | L24 | TTS language (`app.js:1215`). |
| `ttsRate` | `1.0` | L25 | TTS speed 0.1–10 (`app.js:1216`). |
| `ttsPitch` | `1.0` | L26 | TTS pitch 0–2 (`app.js:1217`). |
| `sttEngine` | **`'moonshine'`** | L33 | STT engine cho **online** mode. `'moonshine'` = Moonshine on-device; `'native'` = Capacitor SpeechRecognition (Google cloud). Quyết định logic ở `shouldUseMoonshineSTT()` (`app.js:1380`). |
| `debug` | `false` | L37 | Master console-suppression flag (xem `index.html:294-298`). `false` = quiet logs. |

> **Bảng thật (`shouldUseMoonshineSTT()`):**
>
> | `sttEngine` | online | offline | native fail | → engine dùng |
> |-------------|--------|---------|-------------|---------------|
> | `'moonshine'` | ✓ | ✓ | n/a | **Moonshine** (luôn, preload tại boot) |
> | `'native'` | ✓ | — | — | **Capacitor SpeechRecognition** (Moonshine không load) |
> | `'native'` | — | ✓ | — | **Moonshine** (offline force; lazy-load) |",internal,configuration,Configuration,1080,Chikku Robotics,techdoc,Top-level,documentation | configuration | Top-level,1,3,Chikku_docs/configuration.md,markdown,Top-level
techdoc:configuration:top-level#p2,"Configuration — Top-level
> | `'native'` | — | ✓ | — | **Moonshine** (offline force; lazy-load) |
> | `'native'` | ✓ | — | ≥2 fail | **Moonshine** (auto fallback, see `NATIVE_STT_FAIL_THRESHOLD`) |
>
> Với `sttEngine:'native'` + online healthy, Moonshine **không** preload tại boot →
> mic tự do cho native plugin. Khi backend rớt (`applyBackendHealth`), Moonshine
> lazy-load; khi backend lên lại, Moonshine bị tear down (nếu không đang listen)
> để nhả mic. Xem [architecture.md → STT dispatch](architecture.md#speech-to-text-dispatch).",internal,configuration,Configuration,538,Chikku Robotics,techdoc,Top-level,documentation | configuration | Top-level,2,3,Chikku_docs/configuration.md,markdown,Top-level
techdoc:configuration:boot-health-check,"configuration — ## Boot health check
| Field | Default | config.js | Purpose |
|-------|---------|-----------|---------|
| `bootHealthRetries` | `3` | L17 | Number of fast attempts before falling back to offline. |
| `bootHealthRetryDelayMs` | `1000` | L18 | Delay between attempts. |
| `bootHealthTimeoutMs` | `2000` | L19 | Per-attempt fetch timeout. A truly-down backend resolves to offline in ~7–9 s. |

> If your backend has a slow cold-start, **raise** `bootHealthTimeoutMs` or
> `bootHealthRetries` rather than lowering the timeout.",internal,configuration,Configuration,539,Chikku Robotics,techdoc,Boot health check,documentation | configuration | Boot health check,0,1,Chikku_docs/configuration.md,markdown,Boot health check
techdoc:configuration:avatar,"configuration — ## `avatar`
Controls the WebGL green-screen video renderer. See `avatar-manager.js`.

| Field | Default | config.js | Purpose |
|-------|---------|-----------|---------|
| `transitionMs` | `400` | L39 | Crossfade duration (`avatar-manager.js:133`). |
| `renderMode` | `canvas` | L42 | `canvas` = WebGL chroma-key; `video` = native `<video>` (alpha only). |
| `videoSources.IDLE` | `assets/videos/idle-state-green.mp4` | L44 | Idle loop. |
| `videoSources.LISTENING` | `assets/videos/idle-state-green.mp4` | L45 | Listening loop (reuses idle). |
| `videoSources.THINKING` | `assets/videos/idle-state-green.mp4` | L46 | Thinking loop (reuses idle). |
| `videoSources.SPEAKING` | `assets/videos/speaking-state-green.mp4` | L47 | Speaking loop. |

To swap avatar videos, drop new MP4s in `www/assets/videos/` and update the
paths. Filenames must be **lowercase** on Android (filesystem is case-sensitive).",internal,configuration,Configuration,917,Chikku Robotics,techdoc,`avatar`,documentation | configuration | `avatar`,0,1,Chikku_docs/configuration.md,markdown,`avatar`
techdoc:configuration:wakeword#p0,"Configuration — `wakeword`
configuration — ## `wakeword`
The openWakeWord ONNX engine. Config được spread nguyên (`...wakewordConfig`) vào `WakewordManager` (`app.js:1059`), nên mọi field đều dùng được.

| Field | Default | config.js | Purpose |
|-------|---------|-----------|---------|
| `enabled` | `true` | L51 | Master switch (`app.js:1052`). |
| `phrase` | `'hi chikku'` | L52 | Display phrase. |
| `keywordName` | `'chikku'` | L53 | openWakeWord model name. |
| `keywordModelFile` | `'Hi_chikku.onnx'` | L58 | Model file under `assets/model/`. **Case-sensitive on Android**. |
| `baseAssetUrl` | `./assets/model` | L59 | Where the ONNX models live. |
| `ortWasmPath` | `./assets/ort/` | L60 | ONNX Runtime WASM location. |
| `ortThreadCount` | `1` | L61 | Threads (http scheme → no crossOriginIsolated). |
| `ortProxy` | `false` | L62 | Run ORT on the main thread. |
| `mediaTrackConstraints` | see file | L63-74 | Mic constraints. AEC/NS/AGC all `false` — native preprocessing distorts speech. |",internal,configuration,Configuration,1003,Chikku Robotics,techdoc,`wakeword`,documentation | configuration | `wakeword`,0,3,Chikku_docs/configuration.md,markdown,`wakeword`
techdoc:configuration:wakeword#p1,"Configuration — `wakeword`
| `melspecInputScale` / `melspecInputClamp` | `32767` | L75-76 | Mel-spectrogram input scaling. |
| `gain` | `1` | L77 | Input gain. |
| `agc.*` | see file | L78-85 | Software AGC (currently `enabled: false`). |
| `vadThreshold` | `0.35` | L86 | Voice activity detection threshold. |
| `vadDetectionGraceMs` | `800` | L87 | Grace period after VAD fires. |
| `detectionThreshold` | `0.25` | L88 | Min keyword score (with VAD active). |
| `detectionScoreOverride` | `0.45` | L91 | Accept above this score even without VAD. `0` disables. |
| `detectionWindowFrames` | `8` | L92 | Sliding window length. |
| `detectionMinFrames` | **`3`** | L93 | Min frames above threshold within window. *(Bản cũ ghi 2 — sai.)* |
| `scoreEventIntervalMs` | `250` | L94 | UI score-update throttle. |
| `cooldownMs` | `2000` | L95 | Cooldown after a detection. |
| `dingUrl` | `assets/audio/ding.mp3` | L96 | Sound played on detection (`app.js:538`). |
| `speechEndSilenceMs` | `1400` | L97 | Silence that ends a speech segment (`app.js:408`). |",internal,configuration,Configuration,1051,Chikku Robotics,techdoc,`wakeword`,documentation | configuration | `wakeword`,1,3,Chikku_docs/configuration.md,markdown,`wakeword`
techdoc:configuration:wakeword#p2,"Configuration — `wakeword`
| `speechEndSilenceMs` | `1400` | L97 | Silence that ends a speech segment (`app.js:408`). |
| `startupIgnoreMs` | `0` | L98 | Ignore detections right after listening starts. |
| `retriggerCooldownMs` | `2000` | L99 | Cooldown between consecutive triggers (`app.js:246`). |
| `debug` | `false` | L100 | Verbose wakeword logs (separate from top-level `debug`). |
| `debugLogIntervalMs` | `400` | L101 | Verbose log interval. |",internal,configuration,Configuration,452,Chikku Robotics,techdoc,`wakeword`,documentation | configuration | `wakeword`,2,3,Chikku_docs/configuration.md,markdown,`wakeword`
techdoc:configuration:offlinerag#p0,"Configuration — `offlineRAG`
configuration — ## `offlineRAG`
The on-device RAG pipeline. See [offline-rag.md](offline-rag.md) for the full
pipeline. Các field được spread qua `embedded.opts` vào `HybridRetriever` (`index.js:123` → `retriever.js:66`).

| Field | Default | config.js | Purpose |
|-------|---------|-----------|---------|
| `semantic` | `true` | L113 | Master switch for the dense (MiniLM) channel (`app.js:2582`). `false` → keyword/BM25-only. |
| `rrfK` | `60` | L115 | Reciprocal Rank Fusion constant (`retriever.js:147`). Standard TREC value. |
| `topK` | `10` | L116 | Candidates to rerank after fusion (`retriever.js:147`). |
| `cosineThreshold` | `0.40` | L117 | Min dense cosine for a HIGH-confidence answer (`retriever.js:208`). |
| `bm25OnlyThreshold` | `8` | L118 | Min BM25 score when the dense channel is unavailable (`retriever.js:212`). |
| `intentCosineThreshold` | `0.60` | L119 | Min cosine for semantic intent reclassification (`index.js:118`). |

**Tuning impact:**
- Lower `cosineThreshold` → more confident answers (risk: false matches).",internal,configuration,Configuration,1072,Chikku Robotics,techdoc,`offlineRAG`,documentation | configuration | `offlineRAG`,0,2,Chikku_docs/configuration.md,markdown,`offlineRAG`
techdoc:configuration:offlinerag#p1,"Configuration — `offlineRAG`

**Tuning impact:**
- Lower `cosineThreshold` → more confident answers (risk: false matches).
  Higher → safer but more clarifications. MiniLM: related ≈ 0.55, unrelated ≈ 0.05 *(giá trị tham khảo, chưa benchmark)*.
- Lower `intentCosineThreshold` → more paraphrases reclassify as
  identity/conversational (risk: routing product queries to a template).
- BM25 scores scale with corpus length — tune `bm25OnlyThreshold` empirically.

Rerank weights (`wFused`, `wTitle`, `wLexOverlap`, `lowPriorityPenalty`) and BM25
params (`k1`, `b`) are **not** in config — change them in
`retriever.js:DEFAULTS` (L44-54) / `bm25.js` (L52-53).",internal,configuration,Configuration,657,Chikku Robotics,techdoc,`offlineRAG`,documentation | configuration | `offlineRAG`,1,2,Chikku_docs/configuration.md,markdown,`offlineRAG`
techdoc:configuration:offlinestt#p0,"Configuration — `offlineSTT`
configuration — ## `offlineSTT`
On-device Moonshine Voice streaming STT. See [native.md → MoonshineStt](native.md#custom-plugin-moonshinestt-android-only).

| Field | Default | config.js | Purpose |
|-------|---------|-----------|---------|
| `enabled` | **`true`** | L139 | Master switch. Read trong `shouldUseMoonshineSTT()` (`app.js:1381`). *(Bản cũ ghi `false` — sai.)* |
| `moonshineModel` | `base` | L142 | Model short-name. `tiny \| small \| medium` (streaming) hoặc `base` (non-streaming). Stage với `MOONSHINE_MODEL=<name> npm run prepare:moonshine`. |
| `maxRecordingMs` | `30000` | L145 | Hard cap on a single listening session (`offline-stt/index.js:308`). |
| `debug` | `false` | L146 | ⚠️ Hiện không tác động — manager hardcode `debug:true` default (`offline-stt/index.js:72`) và không gate log. Xem [TECH_DEBT 1.2](../TECH_DEBT.md#12-). |",internal,configuration,Configuration,883,Chikku Robotics,techdoc,`offlineSTT`,documentation | configuration | `offlineSTT`,0,2,Chikku_docs/configuration.md,markdown,`offlineSTT`
techdoc:configuration:offlinestt#p1,"Configuration — `offlineSTT`

> ⚠️ **Cấu hình hiện tại mâu thuẫn:** `moonshineModel:'base'` là **non-streaming** (transcribe buffer xong), trong khi `sttEngine:'moonshine'` + `enabled:true` nghĩa là app dùng nó cho cả online. Nếu muốn streaming thật (partials real-time), set `'tiny'`/`'small'`/`'medium'` + re-stage. Xem [TECH_DEBT 6.4](../TECH_DEBT.md#64-).

> Moonshine offline STT là **Android only**. iOS không có plugin tương đương — offline mode trên iOS hiện text-input panel (nếu build được, hiện chưa build do thiếu permission strings).",internal,configuration,Configuration,546,Chikku Robotics,techdoc,`offlineSTT`,documentation | configuration | `offlineSTT`,1,2,Chikku_docs/configuration.md,markdown,`offlineSTT`
techdoc:configuration:voicefiller,"configuration — ## `voiceFiller`
Bridging sentence while the LLM thinks. See [VOICE_FILLER_GUIDE.md](../VOICE_FILLER_GUIDE.md).

| Field | Default | config.js | Purpose |
|-------|---------|-----------|---------|
| `enabled` | `true` | L154 | Khi `true`, frontend speaks a filler sentence on SSE `filler` event (`app.js:1147`). Stream vẫn chạy nếu `false` — chỉ không có bridging speech. |

The actual filler sentences live in `FILLER_SENTENCES` in `app.js:1123` (hiện 1
câu: `""Chikku is thinking, just a moment.""`), not in config. Backend-side toggle
is `FILLER_SIGNAL_ENABLED` in the backend `.env`.

---",internal,configuration,Configuration,606,Chikku Robotics,techdoc,`voiceFiller`,documentation | configuration | `voiceFiller`,0,1,Chikku_docs/configuration.md,markdown,`voiceFiller`
techdoc:configuration:other-constants-in-app-js-not-config#p0,"Configuration — Other constants (in `app.js`, not config)
configuration — ## Other constants (in `app.js`, not config)
Hardcoded constants in `app.js`, documented for completeness:

| Constant | Value | app.js | Purpose |
|----------|-------|--------|---------|
| `FOLLOW_UP_TIMEOUT_MS` | `10000` | L698 | Follow-up window after speaking. |
| `IDLE_NEW_CHAT_TIMEOUT_MS` | `120000` | L699 | 2 min idle → silent new conversation. |
| `OFFLINE_STT_MAX_RETRIES` | `3` | L705 | Bounded auto-retry after offline STT load failure. |
| `OFFLINE_STT_RETRY_BACKOFF` | `[2000, 5000, 10000]` | L706 | Backoff table (ms). |
| `NATIVE_STT_FAIL_THRESHOLD` | `2` | L712 | Số native STT **start** failure liên tiếp trước khi auto-fallback sang Moonshine (`recordNativeSttStartFailure` → `classifyNativeSttError`, app.js:1483). Benign outcomes (`no_match`/`speech_timeout`/`no_speech`/aborted) được phân loại `'no-input'` → **không** tính và **reset** counter. Unknown errors → `'start-failure'` fail-safe (kiosk phải responsive). |",internal,configuration,Configuration,1014,Chikku Robotics,techdoc,"Other constants (in `app.js`, not config)","documentation | configuration | Other constants (in `app.js`, not config)",0,2,Chikku_docs/configuration.md,markdown,"Other constants (in `app.js`, not config)"
techdoc:configuration:other-constants-in-app-js-not-config#p1,"Configuration — Other constants (in `app.js`, not config)
| `FOLLOW_UP_SPEECH_FLOOR_MS` | `10000` | L762 | Min follow-up time guaranteed while user is speaking (không có doc cũ đề cập). |
| `HEALTH_POLL_MS` | `8000` | L2691 | Backend health poll interval. |
| `WEATHER_POLL_MS` | `1800000` | L2244 | Weather refresh (30 min). |
| `NATIVE_STT_SILENCE_FLOOR` | `{complete:2000, possibly:1500, minSession:5000}` | L860-872 | Silence floors cho native STT (không có doc cũ đề cập). |
| `SESSION_KEY` | `'chikku_session'` | L1103 | localStorage key for session. |
| `VOLUME_KEY` | `'chikku_volume'` | L3138 | localStorage key for volume. |
| `TEXT_MAX_CHARS` / `TEXT_WARN_THRESHOLD` | `500` / `400` | L3238-3239 | Text-input panel limits. |

To make any of these configurable, move them into `CHIKKU_CONFIG` and read via
`window.CHIKKU_CONFIG.*` with the listed value as default.",internal,configuration,Configuration,874,Chikku Robotics,techdoc,"Other constants (in `app.js`, not config)","documentation | configuration | Other constants (in `app.js`, not config)",1,2,Chikku_docs/configuration.md,markdown,"Other constants (in `app.js`, not config)"
techdoc:native:native-layer-android-ios,"native — # Native layer (Android & iOS)
> ⚠️ **Thay đổi so với bản cũ:**
> - Sửa bảng Capacitor plugins: SpeechRecognition + Web Speech giờ là **dead path** với config mặc định (`sttEngine:'moonshine'`). Moonshine dùng cho cả online + offline.
> - Thêm cảnh báo `moonshineModel:'base'` là non-streaming (mâu thuẫn mô tả ""streaming"").
> - Xác nhận iOS `Info.plist` thiếu usage strings (code thật, chưa fix).
> - Các claim build/SDK/permission đã verify đúng (xem AUDIT_REPORT.md).

The Capacitor shell, native plugins, permissions, and build steps.
The web app lives in `www/` and is identical across platforms — the differences
are all in `android/` and `ios/`.

For asset preparation (wake word / Moonshine / MiniLM models) see the `npm run`
scripts in [the root README](../README.md#quick-start) and `package.json`.",internal,native,Native,817,Chikku Robotics,techdoc,Native layer (Android & iOS),documentation | native | Native layer (Android & iOS),0,1,Chikku_docs/native.md,markdown,Native layer (Android & iOS)
techdoc:native:app-identity,"native — ## App identity
| | Value |
|--|-------|
| appId | `com.chikkurobotics.chikku` |
| appName | `Chikku` |
| webDir | `www` |
| androidScheme | `http` (cleartext — needed for LAN backend) |

`capacitor.config.json` is the source of truth.

---",internal,native,Native,249,Chikku Robotics,techdoc,App identity,documentation | native | App identity,0,1,Chikku_docs/native.md,markdown,App identity
techdoc:native:capacitor-plugins#p0,"Native — Capacitor plugins
native — ## Capacitor plugins
| Plugin | package.json | Used for | Platform |
|--------|--------------|----------|----------|
| SpeechRecognition | `@capacitor-community/speech-recognition ^5` | Online STT (cloud) — chạy khi `CHIKKU_CONFIG.sttEngine==='native'` + online healthy + chưa fallback. | Android + iOS |
| TextToSpeech | `@capacitor-community/text-to-speech ^3` | Speaking answers (app.js:1167) | Android + iOS |
| App | `@capacitor/app ^5` | Lifecycle, `exitApp()` (app.js:3095) | Android + iOS |
| Preferences | `@capacitor/preferences ^5` | (declared, **not currently used** — app dùng `localStorage`. Xem [architecture.md → Session persistence](architecture.md#session-persistence--localstorage)) | Android + iOS |
| **MoonshineStt** (custom) | *no npm package* | On-device streaming STT — engine chính khi `sttEngine:'moonshine'` (mặc định), hoặc khi offline, hoặc khi native STT fail. Xem bên dưới. | **Android only** |

> ⚠️ **Lazy load + native fallback (mới).** Moonshine giờ chỉ load khi thực sự cần
> (`shouldUseMoonshineSTT()`, app.js:1380):",internal,native,Native,1090,Chikku Robotics,techdoc,Capacitor plugins,documentation | native | Capacitor plugins,0,2,Chikku_docs/native.md,markdown,Capacitor plugins
techdoc:native:capacitor-plugins#p1,"Native — Capacitor plugins
> (`shouldUseMoonshineSTT()`, app.js:1380):
> - `sttEngine:'moonshine'` (default) → Moonshine dùng cho cả online + offline, preload tại boot.
> - `sttEngine:'native'` + online healthy → Moonshine **không** load, mic tự do cho SpeechRecognition.
> - `sttEngine:'native'` + offline → Moonshine lazy-load (cloud STT cần network).
> - `sttEngine:'native'` + native plugin fail start ≥ `NATIVE_STT_FAIL_THRESHOLD` (2) lần → auto fallback sang Moonshine (`runtime.useMoonshineFallback`).
>
> Trước khi native SpeechRecognition start, nhánh native trong `startRecording()`
> tear down bất kỳ Moonshine manager nào còn resident (không đang listen) để tránh
> mic contention — đây là fix cho bug ""native STT không hoạt động vì Moonshine
> chiếm mic"" khi boot detect offline tạm thời rồi backend lên lại.

---",internal,native,Native,826,Chikku Robotics,techdoc,Capacitor plugins,documentation | native | Capacitor plugins,1,2,Chikku_docs/native.md,markdown,Capacitor plugins
techdoc:native:custom-plugin-moonshinestt-android-only,"native — ## Custom plugin: `MoonshineStt` (Android only)
The only custom native code in the repo. A Capacitor plugin wrapping the
[Moonshine Voice SDK](https://github.com/UsefulSensors/moonshine) for on-device
streaming speech-to-text, used in offline mode.

| File | Role |
|------|------|
| `android/app/src/main/java/com/chikkurobotics/chikku/MoonshineSttPlugin.java` | `@CapacitorPlugin(name=""MoonshineStt"")` — load/start/stop/destroy |
| `android/app/src/main/java/com/chikkurobotics/chikku/MainActivity.java` | BridgeActivity; registers `MoonshineSttPlugin` |
| `www/js/offline-stt/moonshine-native.js` | JS bridge — calls `Capacitor.Plugins.MoonshineStt.*` |
| `www/js/offline-stt/index.js` | `OfflineSTTManager` (stitching partials → finals) |",internal,native,Native,751,Chikku Robotics,techdoc,Custom plugin: `MoonshineStt` (Android only),documentation | native | Custom plugin: `MoonshineStt` (Android only),0,1,Chikku_docs/native.md,markdown,Custom plugin: `MoonshineStt` (Android only)
techdoc:native:js-methods-exposed,"native — ### JS methods exposed
| Method | Role |
|--------|------|
| `loadModel({ model })` | Load model from `assets/moonshine/<model>/` (`encoder_model.ort`, `decoder_model_merged.ort`, `tokenizer.bin`). Accepts `tiny \| small \| medium \| base`. **Lazy:** chỉ gọi khi `shouldUseMoonshineSTT()` true (xem callout ở trên). |
| `start()` | Begin streaming transcription (requests `RECORD_AUDIO` first) |
| `stop()` | Stop, keep mic |
| `destroy()` | Full teardown, release mic — used when switching offline → online, hoặc trước khi native SpeechRecognition start, hoặc khi native fallback được clear |",internal,native,Native,602,Chikku Robotics,techdoc,JS methods exposed,documentation | native | JS methods exposed,0,1,Chikku_docs/native.md,markdown,JS methods exposed
techdoc:native:events-sent-to-js-notifylisteners,"native — ### Events sent to JS (`notifyListeners`)
| Event | Payload | Meaning |
|-------|---------|---------|
| `moonshine:partial` | `{ text }` | interim transcript |
| `moonshine:final` | `{ text }` | completed utterance |
| `moonshine:error` | `{ message }` | failure |",internal,native,Native,273,Chikku Robotics,techdoc,Events sent to JS (`notifyListeners`),documentation | native | Events sent to JS (`notifyListeners`),0,1,Chikku_docs/native.md,markdown,Events sent to JS (`notifyListeners`)
techdoc:native:gotcha-register-order,"native — ### Gotcha — register order
In `MainActivity.onCreate()`, `registerPlugin(MoonshineSttPlugin.class)` must
be called **before** `super.onCreate()`. Capacitor 5 consumes the builder inside
`super.onCreate()`, so registering after means `window.Capacitor.Plugins.MoonshineStt`
is `undefined` in the WebView. See the comment in `MainActivity.java`.",internal,native,Native,353,Chikku Robotics,techdoc,Gotcha — register order,documentation | native | Gotcha — register order,0,1,Chikku_docs/native.md,markdown,Gotcha — register order
techdoc:native:model-selection,"native — ### Model selection
| model | arch | mode |
|-------|------|------|
| `tiny`, `small`, `medium` | streaming | real-time partials + finals |
| `base` | non-streaming | transcribes a finished buffer (partials hiếm) |

Set via `CHIKKU_CONFIG.offlineSTT.moonshineModel`. The matching model dir must
be staged by `MOONSHINE_MODEL=<name> npm run prepare:moonshine`.

> ⚠️ **Cấu hình hiện tại = `'base'`** (`config.js:142`) — non-streaming. Kết hợp
> `sttEngine:'moonshine'` (dùng cho cả online) nghĩa là app đang chạy model
> non-streaming cho mọi turn. Nếu muốn streaming thật (partials real-time), set
> `'tiny'`/`'small'`/`'medium'` + re-stage. Xem [TECH_DEBT 6.4](../TECH_DEBT.md#64-).",internal,native,Native,692,Chikku Robotics,techdoc,Model selection,documentation | native | Model selection,0,1,Chikku_docs/native.md,markdown,Model selection
techdoc:native:moonshine-sdk-integration,"native — ### Moonshine SDK integration
- Dependency: `ai.moonshine:moonshine-voice:0.0.69` (Maven Central AAR — no
  local `.aar` in `app/libs/`).
- Bundles native libs `libmoonshine.so` + `libonnxruntime.so` for `arm64-v8a`,
  `armeabi-v7a`, `x86_64`. No NDK/CMake needed.
- Forces `minSdkVersion = 26`.
- `MicTranscriber` owns the mic (16 kHz mono) and segments speech itself — no
  external VAD.

> iOS has **no equivalent** plugin, so offline STT is unavailable there. In
> offline mode on iOS the app shows the text-input panel instead.

---",internal,native,Native,546,Chikku Robotics,techdoc,Moonshine SDK integration,documentation | native | Moonshine SDK integration,0,1,Chikku_docs/native.md,markdown,Moonshine SDK integration
techdoc:native:permissions,native — ## Permissions,internal,native,Native,23,Chikku Robotics,techdoc,Permissions,documentation | native | Permissions,0,1,Chikku_docs/native.md,markdown,Permissions
techdoc:native:android-android-app-src-main-androidmanifest-xml,"native — ### Android — `android/app/src/main/AndroidManifest.xml`
| Permission | Purpose |
|------------|---------|
| `INTERNET` | backend calls + online Web Speech |
| `RECORD_AUDIO` | mic for Moonshine / SpeechRecognition / wake word |
| `MODIFY_AUDIO_SETTINGS` | mic configuration (volume / silent mode) |

Notable app config:
- `usesCleartextTraffic=""true""` + `network_security_config` — allows HTTP to
  the LAN backend (`res/xml/network_security_config.xml`).
- `MainActivity` is `singleTask`, full-screen, hardware-accelerated, with
  `FLAG_KEEP_SCREEN_ON` + immersive sticky UI (kiosk mode).",internal,native,Native,599,Chikku Robotics,techdoc,Android — `android/app/src/main/AndroidManifest.xml`,documentation | native | Android — `android/app/src/main/AndroidManifest.xml`,0,1,Chikku_docs/native.md,markdown,Android — `android/app/src/main/AndroidManifest.xml`
techdoc:native:ios-ios-app-app-info-plist,"native — ### iOS — `ios/App/App/Info.plist`
> ⚠️ **KNOWN ISSUE.** `Info.plist` is currently missing
> `NSMicrophoneUsageDescription` and `NSSpeechRecognitionUsageDescription`.
> The app will crash on iOS the moment the mic or SpeechRecognition is
> accessed. These must be added before any iOS build/test. See
> [troubleshooting.md](troubleshooting.md#ios-missing-permission-strings).

---",internal,native,Native,389,Chikku Robotics,techdoc,iOS — `ios/App/App/Info.plist`,documentation | native | iOS — `ios/App/App/Info.plist`,0,1,Chikku_docs/native.md,markdown,iOS — `ios/App/App/Info.plist`
techdoc:native:build-steps,native — ## Build steps,internal,native,Native,23,Chikku Robotics,techdoc,Build steps,documentation | native | Build steps,0,1,Chikku_docs/native.md,markdown,Build steps
techdoc:native:prerequisites,"native — ### Prerequisites
- Node 18+
- Android Studio + JDK 17 (Android)
- Xcode 15+ and Apple Developer account (iOS, Mac only)",internal,native,Native,129,Chikku Robotics,techdoc,Prerequisites,documentation | native | Prerequisites,0,1,Chikku_docs/native.md,markdown,Prerequisites
techdoc:native:0-sync-web-assets-models-into-native-projects,"native — ### 0. Sync web assets + models into native projects
```bash
npm install
npm run sync          # = prepare:assets + cap sync
```
Run this every time you change files under `www/` or any model asset.",internal,native,Native,207,Chikku Robotics,techdoc,0. Sync web assets + models into native projects,documentation | native | 0. Sync web assets + models into native projects,0,1,Chikku_docs/native.md,markdown,0. Sync web assets + models into native projects
techdoc:native:android-debug-apk,"native — ### Android — debug APK
```bash
cd android && ./gradlew assembleDebug",internal,native,Native,78,Chikku Robotics,techdoc,Android — debug APK,documentation | native | Android — debug APK,0,1,Chikku_docs/native.md,markdown,Android — debug APK
techdoc:native:output-android-app-build-outputs-apk-debug-app-debug-apk,"native — # output: android/app/build/outputs/apk/debug/app-debug.apk
```",internal,native,Native,72,Chikku Robotics,techdoc,output: android/app/build/outputs/apk/debug/app-debug.apk,documentation | native | output: android/app/build/outputs/apk/debug/app-debug.apk,0,1,Chikku_docs/native.md,markdown,output: android/app/build/outputs/apk/debug/app-debug.apk
techdoc:native:android-release-apk,"native — ### Android — release APK
> ⚠️ **KNOWN ISSUE.** `app/build.gradle` has no `signingConfigs { release {…} }`
> block, so `assembleRelease` falls back to the **debug keystore**. Add a
> release signing config before producing a production-signed APK. See
> [troubleshooting.md](troubleshooting.md#android-release-signing).

```bash
cd android && ./gradlew assembleRelease",internal,native,Native,377,Chikku Robotics,techdoc,Android — release APK,documentation | native | Android — release APK,0,1,Chikku_docs/native.md,markdown,Android — release APK
techdoc:native:output-android-app-build-outputs-apk-release-app-release-apk,"native — # output: android/app/build/outputs/apk/release/app-release.apk  (debug-signed today)
```

Or via Android Studio: `npm run open:android` → Build → Generate Signed
Bundle / APK.",internal,native,Native,185,Chikku Robotics,techdoc,output: android/app/build/outputs/apk/release/app-release.apk  (debug-signed today),documentation | native | output: android/app/build/outputs/apk/release/app-release.apk  (debug-signed today),0,1,Chikku_docs/native.md,markdown,output: android/app/build/outputs/apk/release/app-release.apk  (debug-signed today)
techdoc:native:ios,"native — ### iOS
```bash
npm run sync
cd ios/App && pod install     # first time only
npm run open:ios              # = cap open ios → Xcode",internal,native,Native,140,Chikku Robotics,techdoc,iOS,documentation | native | iOS,0,1,Chikku_docs/native.md,markdown,iOS
techdoc:native:in-xcode-signing-capabilities-choose-team-product-archive,"native — # In Xcode: Signing & Capabilities → choose Team → Product → Archive
```
> Add the missing permission strings to `Info.plist` first (see KNOWN ISSUE
> above). `Podfile.lock` is not currently committed.",internal,native,Native,210,Chikku Robotics,techdoc,In Xcode: Signing & Capabilities → choose Team → Product → Archive,documentation | native | In Xcode: Signing & Capabilities → choose Team → Product → Archive,0,1,Chikku_docs/native.md,markdown,In Xcode: Signing & Capabilities → choose Team → Product → Archive
techdoc:native:full-build-one-shot,"native — ### Full build (one shot)
```bash
npm run build:android   # = prepare:assets + cap build android
npm run build:ios       # = prepare:assets + cap build ios
```

---",internal,native,Native,173,Chikku Robotics,techdoc,Full build (one shot),documentation | native | Full build (one shot),0,1,Chikku_docs/native.md,markdown,Full build (one shot)
techdoc:native:android-build-config-reference,"native — ## Android build config reference
| | Value | Source |
|--|-------|--------|
| applicationId | `com.chikkurobotics.chikku` | `app/build.gradle` |
| compileSdk | 34 | `app/build.gradle` (overrides variables.gradle's 33) |
| minSdkVersion | 26 | `variables.gradle` (forced by Moonshine AAR) |
| targetSdkVersion | 33 | `variables.gradle` |
| versionCode / versionName | 1 / `1.0` | `app/build.gradle` |
| Java source/target | 17 | `app/capacitor.build.gradle` |
| AGP | 8.13.2 | `android/build.gradle` |
| minify / ProGuard | disabled / empty rules | `app/build.gradle`, `app/proguard-rules.pro` |

> **google-services.json is not present** — Firebase/push notifications are not
> wired up. Adding it requires the `google-services` plugin (already in the
> classpath at `android/build.gradle:11`).

---",internal,native,Native,809,Chikku Robotics,techdoc,Android build config reference,documentation | native | Android build config reference,0,1,Chikku_docs/native.md,markdown,Android build config reference
techdoc:native:adding-a-capacitor-plugin,native — ## Adding a Capacitor plugin,internal,native,Native,37,Chikku Robotics,techdoc,Adding a Capacitor plugin,documentation | native | Adding a Capacitor plugin,0,1,Chikku_docs/native.md,markdown,Adding a Capacitor plugin
techdoc:native:from-npm-cross-platform-plugin,"native — ### From npm (cross-platform plugin)
```bash
npm install @capacitor-community/some-plugin
npm run sync
```
`cap sync` regenerates `android/app/src/main/assets/capacitor.plugins.json`
and `android/capacitor.settings.gradle` — do not edit those by hand.",internal,native,Native,260,Chikku Robotics,techdoc,From npm (cross-platform plugin),documentation | native | From npm (cross-platform plugin),0,1,Chikku_docs/native.md,markdown,From npm (cross-platform plugin)
techdoc:native:custom-android-only-plugin-like-moonshinestt,"native — ### Custom Android-only plugin (like MoonshineStt)
1. Write `YourPlugin.java` annotated `@CapacitorPlugin(name=""YourPlugin"")` under
   `android/app/src/main/java/com/chikkurobotics/chikku/`.
2. In `MainActivity.onCreate()`, **before** `super.onCreate()`:
   ```java
   this.registerPlugin(YourPlugin.class);
   ```
3. Call from JS via `window.Capacitor.Plugins.YourPlugin`.
4. The plugin will not appear in `capacitor.plugins.json` (that file only lists
   npm plugins) — that's expected for custom plugins.

---",internal,native,Native,521,Chikku Robotics,techdoc,Custom Android-only plugin (like MoonshineStt),documentation | native | Custom Android-only plugin (like MoonshineStt),0,1,Chikku_docs/native.md,markdown,Custom Android-only plugin (like MoonshineStt)
techdoc:native:asset-staging-for-native,"native — ## Asset staging for native
The `prepare:*` npm scripts stage assets into both the web layer (for WebView
JS) and the native layer (for native code that reads assets directly):

| Script | Web target | Native target |
|--------|-----------|---------------|
| `prepare:wakeword-assets` | `www/assets/model`, `www/assets/ort`, `www/vendor/*` | — (WebView only) |
| `prepare:moonshine-models` | — | (downloads into staging) |
| `prepare:moonshine-assets` | — | `android/app/src/main/assets/moonshine/<model>/` |
| `prepare:minilm-model` | `www/assets/models/Xenova/all-MiniLM-L6-v2/` | — (WebView only) |
| `build:kb-embeddings` | `www/assets/knowledge_base/embeddings.json` | — (WebView only) |

Moonshine models are native-side only (the SDK runs in Java, not the WebView);
everything else runs inside the WebView.",internal,native,Native,822,Chikku Robotics,techdoc,Asset staging for native,documentation | native | Asset staging for native,0,1,Chikku_docs/native.md,markdown,Asset staging for native
techdoc:offline-rag:offline-rag-pipeline,"offline-rag — # Offline RAG Pipeline
> ⚠️ **Thay đổi so với bản cũ:**
> - `ROBOTICS_INFO_RESPONSES` (4 template địa chỉ/liên hệ/giờ/about) **đã được gắn intent thật** (COMPANY_LOCATION/CONTACT/HOURS/ABOUT) — trước đây là code chết (TECH_DEBT 2.1, đã fix). Mỗi intent có regex `INFO_PATTERNS` + example phrases embed trong `embeddings.json`.
> - Đánh dấu `botName`, `fallbackEmail` export không dùng (TECH_DEBT 1.3).
> - Sửa line number phụ: `intentCosineThreshold` thật đọc ở `index.js:118` (không phải intent.js:244 — đó chỉ là default param); `semantic` switch thật ở `app.js:2582`.
> - Mọi flow/line khác đã verify đúng (bản offline-rag.md là doc chính xác nhất).

On-device retrieval used when the backend is unreachable. This doc covers the
pipeline inside `www/js/offline-rag/` and how to tune/retrain it.

For when offline mode *activates*, see [architecture.md → Online vs offline
mode](architecture.md#online-vs-offline-mode).",internal,offline-rag,Offline Rag,935,Chikku Robotics,techdoc,Offline RAG Pipeline,documentation | offline-rag | Offline RAG Pipeline,0,1,Chikku_docs/offline-rag.md,markdown,Offline RAG Pipeline
techdoc:offline-rag:file-map,"offline-rag — ## File map
| File | Role |
|------|------|
| `index.js` | Orchestrator — `RAGPipeline.answer()` entry point |
| `text-normalizer.js` | ASR cleanup (filler / contractions / number words) |
| `intent.js` | Two-stage intent classifier (regex + semantic) |
| `retriever.js` | `HybridRetriever` (BM25 + dense → RRF → rerank) |
| `bm25.js` | Okapi BM25 lexical index |
| `embedder.js` | On-device MiniLM wrapper (transformers.js) |
| `knowledge-base.js` | Chunk extraction + legacy keyword matcher |
| `stemmer.js` | Lightweight suffix-stripping stemmer |
| `templates.js` | Canned identity/conversational/error responses |
| `config.js` | Bot/company identity constants |

Build-time: `scripts/build-kb-embeddings.mjs` generates
`www/assets/knowledge_base/embeddings.json`.

---",internal,offline-rag,Offline Rag,788,Chikku Robotics,techdoc,File map,documentation | offline-rag | File map,0,1,Chikku_docs/offline-rag.md,markdown,File map
techdoc:offline-rag:end-to-end-flow#p0,"Offline Rag — End-to-end flow
offline-rag — ## End-to-end flow
`RAGPipeline.answer(query)` (`index.js:150`) runs:

```
query text
   │
   ▼
[1] Empty check                                  index.js:151
   │   → clarification_needed if empty
   ▼
[2] normalizeQuery(raw)                          index.js:157  (text-normalizer.js:98)
   │   lowercase → strip filler → expand contractions → number→digit → trim
   ▼
[3] isEmptyQuery(q)                              index.js:158
   │
   ▼
[4] classifyIntent(q) — REGEX FAST-PASS          index.js:163  (intent.js:173, sync)
   │   Returns { intent, category, confidence, source:'regex' }
   ▼
[5] If regex → CLARIFICATION_NEEDED and embedder ready:
   │   classifyIntentSemantic(q, …) — SEMANTIC FALLBACK   index.js:172  (intent.js:218)
   │   If sem.intent ≠ CLARIFICATION_NEEDED → overwrite intentResult
   ▼
[6] Deterministic template route?                index.js:184
   │   category === CONVERSATIONAL
   │     || category === INFO
   │     || (category === IDENTITY AND intent ∈ {WHO_ARE_YOU, WHAT_DO_YOU_DO, CAPABILITIES})",internal,offline-rag,Offline Rag,1077,Chikku Robotics,techdoc,End-to-end flow,documentation | offline-rag | End-to-end flow,0,3,Chikku_docs/offline-rag.md,markdown,End-to-end flow
techdoc:offline-rag:end-to-end-flow#p1,"Offline Rag — End-to-end flow
   │     || (category === IDENTITY AND intent ∈ {WHO_ARE_YOU, WHAT_DO_YOU_DO, CAPABILITIES})
   │   If yes → answerAboutOrIdentity(q, …)     index.js:54
   │     → return { response, source:'template', matched:true }
   ▼
[7] Dense layer on? (retriever !== null)
   │   await retriever.retrieve(q)              index.js:197  (retriever.js:114)
   │     BM25 + dense cosine → RRF → top-K → rerank → confidence
   │
   ├─ confidence === 'high'  → formatChunk  → { source:'hybrid'|'bm25', matched:true }
   │
   └─ confidence === 'low'
        kb.getBestFaqMatch(q)                    index.js:210
          → hit  : { source:'faq', confidence:'medium', matched:true }
          → miss : clarificationFor(q) → { source:'clarification', matched:false }
   ▼
[8] No dense layer (legacy keyword-only):
   │   kb.searchKnowledgeBase(q)                index.js:231
   ▼
[9] gracefulFallback()                          index.js:246
       { source:'fallback', matched:false }
```

Return shape (`index.js:148`):

```ts
{
  response: string,
  offline: true,
  matched: boolean,",internal,offline-rag,Offline Rag,1098,Chikku Robotics,techdoc,End-to-end flow,documentation | offline-rag | End-to-end flow,1,3,Chikku_docs/offline-rag.md,markdown,End-to-end flow
techdoc:offline-rag:end-to-end-flow#p2,"Offline Rag — End-to-end flow
```

Return shape (`index.js:148`):

```ts
{
  response: string,
  offline: true,
  matched: boolean,
  confidence?: 'high' | 'medium' | 'low',
  source?: 'template' | 'hybrid' | 'bm25' | 'faq' | 'clarification' | 'keyword' | 'fallback'
}
```

---",internal,offline-rag,Offline Rag,277,Chikku Robotics,techdoc,End-to-end flow,documentation | offline-rag | End-to-end flow,2,3,Chikku_docs/offline-rag.md,markdown,End-to-end flow
techdoc:offline-rag:intent-classification-intent-js,offline-rag — ## Intent classification (`intent.js`),internal,offline-rag,Offline Rag,52,Chikku Robotics,techdoc,Intent classification (`intent.js`),documentation | offline-rag | Intent classification (`intent.js`),0,1,Chikku_docs/offline-rag.md,markdown,Intent classification (`intent.js`)
techdoc:offline-rag:intenttype-intent-js-27,"offline-rag — ### IntentType (`intent.js:27`)
- Identity: `WHO_ARE_YOU`, `WHAT_DO_YOU_DO`, `CAPABILITIES`, `LEADERSHIP`
- Conversational: `GREETING`, `GRATITUDE`, `SMALL_TALK`, `COMPLAINT`, `FEEDBACK`
- Info: `COMPANY_LOCATION`, `COMPANY_CONTACT`, `COMPANY_HOURS`, `COMPANY_ABOUT`
  (each maps to a canned reply in `ROBOTICS_INFO_RESPONSES`)
- `CLARIFICATION_NEEDED` — sentinel for ""regex gave up, route to retrieval""",internal,offline-rag,Offline Rag,417,Chikku Robotics,techdoc,IntentType (`intent.js:27`),documentation | offline-rag | IntentType (`intent.js:27`),0,1,Chikku_docs/offline-rag.md,markdown,IntentType (`intent.js:27`)
techdoc:offline-rag:regex-fast-pass-classifyintent-intent-js-173,"offline-rag — ### Regex fast-pass — `classifyIntent()` (`intent.js:173`)
Three pattern tables scanned in order, **first match wins** (order matters):
- `IDENTITY_PATTERNS` (`intent.js:80`) — WHO_ARE_YOU, WHAT_DO_YOU_DO,
  CAPABILITIES, LEADERSHIP.
- `INFO_PATTERNS` (`intent.js:166`) — COMPANY_LOCATION, COMPANY_CONTACT,
  COMPANY_HOURS, COMPANY_ABOUT (canned reply for address / contact / hours /
  about-the-company queries).
- `CONVERSATIONAL_PATTERNS` (`intent.js:133`) — GREETING, GRATITUDE, SMALL_TALK,
  COMPLAINT, FEEDBACK.

Confidence: `0.95` identity, `0.9` info, `0.85` conversational, `0.3` CLARIFICATION_NEEDED.

> `IDENTITY_LEADERSHIP` is detected but **not** deterministic — it has no
> template and falls through to retrieval (`index.js:41` excludes it).",internal,offline-rag,Offline Rag,770,Chikku Robotics,techdoc,Regex fast-pass — `classifyIntent()` (`intent.js:173`),documentation | offline-rag | Regex fast-pass — `classifyIntent()` (`intent.js:173`),0,1,Chikku_docs/offline-rag.md,markdown,Regex fast-pass — `classifyIntent()` (`intent.js:173`)
techdoc:offline-rag:semantic-fallback-classifyintentsemantic-intent-js-218,"offline-rag — ### Semantic fallback — `classifyIntentSemantic()` (`intent.js:218`)
Triggered only when regex returned `CLARIFICATION_NEEDED` **and** the embedder
is ready. Embeds the query, computes dot-product cosine against every
precomputed intent-example vector, and reclassifies if `best.sim >=
intentCosineThreshold`.",internal,offline-rag,Offline Rag,323,Chikku Robotics,techdoc,Semantic fallback — `classifyIntentSemantic()` (`intent.js:218`),documentation | offline-rag | Semantic fallback — `classifyIntentSemantic()` (`intent.js:218`),0,1,Chikku_docs/offline-rag.md,markdown,Semantic fallback — `classifyIntentSemantic()` (`intent.js:218`)
techdoc:offline-rag:intent-examples-intent-js-50,"offline-rag — ### `INTENT_EXAMPLES` (`intent.js:50`)
Canonical example phrases per intent (11 groups). **These are embedded at build
time** by `build-kb-embeddings.mjs` and written to `embeddings.json:intents`.
At runtime the classifier compares only against the precomputed vectors — it
never re-embeds the example strings.

> ⚠️ **Must stay in sync.** `INTENT_EXAMPLES` in `intent.js` and in
> `build-kb-embeddings.mjs` must be byte-identical. Both files carry a ""MUST
> stay in sync"" comment. Edit one without the other + a rebuild and the
> semantic classifier silently uses stale vectors. See [Editing the knowledge
> base](#editing-the-knowledge-base).

---",internal,offline-rag,Offline Rag,663,Chikku Robotics,techdoc,`INTENT_EXAMPLES` (`intent.js:50`),documentation | offline-rag | `INTENT_EXAMPLES` (`intent.js:50`),0,1,Chikku_docs/offline-rag.md,markdown,`INTENT_EXAMPLES` (`intent.js:50`)
techdoc:offline-rag:hybrid-retrieval-retriever-js-bm25-js,offline-rag — ## Hybrid retrieval (`retriever.js` + `bm25.js`),internal,offline-rag,Offline Rag,62,Chikku Robotics,techdoc,Hybrid retrieval (`retriever.js` + `bm25.js`),documentation | offline-rag | Hybrid retrieval (`retriever.js` + `bm25.js`),0,1,Chikku_docs/offline-rag.md,markdown,Hybrid retrieval (`retriever.js` + `bm25.js`)
techdoc:offline-rag:retrieve-query-retriever-js-114,"offline-rag — ### `retrieve(query)` (`retriever.js:114`)
1. **Lexical** — `bm25.score(query)` → `Float32Array`.
2. **Dense** (if `denseReady`) — `qVec = embedder.embed(query)`, then
   `cosineSim(qVec, vecs[i])` for all chunks.
3. **RRF fusion** (`retriever.js:142`) — for each chunk:
   `fused = 1/(rrfK + lexRank) [+ 1/(rrfK + denseRank)]`. A channel only counts
   if its score > 0 for that doc.
4. **Top-K cut** by fused score.
5. **Rerank** (`retriever.js:162`) — linear blend:
   `wFused * fused + wTitle * titleSim + wLexOverlap * lexOverlap − lowPriorityPenalty`.
   `lowPriorityPenalty` applies to chunks where `_priority==='low'` or
   `field==='description'`.
6. **Confidence** (`retriever.js:203`):
   - Dense path: `best.dense >= cosineThreshold` → `'high'` else `'low'`.
   - BM25-only: `best.bm25 >= bm25OnlyThreshold` → `'high'` else `'low'`.",internal,offline-rag,Offline Rag,858,Chikku Robotics,techdoc,`retrieve(query)` (`retriever.js:114`),documentation | offline-rag | `retrieve(query)` (`retriever.js:114`),0,1,Chikku_docs/offline-rag.md,markdown,`retrieve(query)` (`retriever.js:114`)
techdoc:offline-rag:bm25-bm25-js,"offline-rag — ### BM25 (`bm25.js`)
Standard Okapi, `k1=1.5`, `b=0.75`. Tokenization: lowercase → strip punctuation
→ drop length≤1 and `STOP_WORDS` → `stemWord()`.",internal,offline-rag,Offline Rag,163,Chikku Robotics,techdoc,BM25 (`bm25.js`),documentation | offline-rag | BM25 (`bm25.js`),0,1,Chikku_docs/offline-rag.md,markdown,BM25 (`bm25.js`)
techdoc:offline-rag:graceful-degradation,"offline-rag — ### Graceful degradation
If the embedder fails to load, the retriever proceeds **BM25-only** and still
answers lexically (`retriever.js:83`). Same on per-query embed failure.

---",internal,offline-rag,Offline Rag,193,Chikku Robotics,techdoc,Graceful degradation,documentation | offline-rag | Graceful degradation,0,1,Chikku_docs/offline-rag.md,markdown,Graceful degradation
techdoc:offline-rag:embedder-embedder-js,"offline-rag — ## Embedder (`embedder.js`)
- **Model:** `Xenova/all-MiniLM-L6-v2` (int8 quantized, 384-dim, L2-normalized).
- **Loader:** transformers.js vendored at `www/vendor/transformers/`.
- **Local model root:** `./assets/models/`. `env.allowRemoteModels = false`.
- **ORT wasm reuse:** `env.backends.onnx.wasm.wasmPaths = '/assets/ort/'` —
  shares the wake word engine's binaries. `numThreads = 1`, `proxy = false`
  (the app runs on `http` scheme, no COOP/COEP).
- **Lazy singleton:** `init()` (`embedder.js:60`) memoises an in-flight
  `extractorPromise`; race-safe.
- **`embed(text)`** (`embedder.js:77`): `extractor(text, { pooling:'mean',
  normalize:true })` → `Float32Array(384)`.
- **`cosineSim(a, b)`** (`embedder.js:93`): plain dot product (vectors are unit-length).

The MiniLM model + precomputed chunk/intent embeddings are staged by
`npm run prepare:rag` (runs `prepare:minilm-model` + `build:kb-embeddings`).

---",internal,offline-rag,Offline Rag,935,Chikku Robotics,techdoc,Embedder (`embedder.js`),documentation | offline-rag | Embedder (`embedder.js`),0,1,Chikku_docs/offline-rag.md,markdown,Embedder (`embedder.js`)
techdoc:offline-rag:knowledge-base-knowledge-base-js,"offline-rag — ## Knowledge base (`knowledge-base.js`)
Eight JSON files in `www/assets/knowledge_base/`:

| File | Contents |
|------|----------|
| `company_overview.json` | company, name_origin |
| `identity.json` | brand, leadership, name_origin, bot_introduction |
| `products.json` | hardware, software, featured_products |
| `services.json` | consulting, engineering_support, training, maintenance, custom_development |
| `solutions.json` | smart_manufacturing, healthcare, warehousing_logistics, smart_cities, agriculture |
| `technologies.json` | ai, computer_vision, robotics_engineering, edge_computing, cloud_platform, safety_systems |
| `partnerships.json` | technology_partners |
| `faq.json` | title, description, faq_items[] (question/answer pairs) |",internal,offline-rag,Offline Rag,763,Chikku Robotics,techdoc,Knowledge base (`knowledge-base.js`),documentation | offline-rag | Knowledge base (`knowledge-base.js`),0,1,Chikku_docs/offline-rag.md,markdown,Knowledge base (`knowledge-base.js`)
techdoc:offline-rag:chunk-extraction-extractsectioncontent-data-knowledge-base-j,"offline-rag — ### Chunk extraction — `extractSectionContent(data)` (`knowledge-base.js:118`)
The canonical chunker shared by both the runtime retriever and the build
script (this guarantees parity). Output chunk shape:
`{ text, title, subtopic, field?, _priority? }`.

- `{question, answer}` arrays and top-level `faq_items` → `subtopic:'faq'`,
  `text = question + '\n' + answer`.
- Direct string fields (excluding `name`, `title`, `description`, `tagline`) →
  `text = 'Key: value'`.
- `description` → low-priority chunk (`_priority:'low'`, `field:'description'`).
- Item arrays (`partners`, `products`, `applications`, …) → recursively
  flattened via `flattenJsonValue()`.",internal,offline-rag,Offline Rag,676,Chikku Robotics,techdoc,Chunk extraction — `extractSectionContent(data)` (`knowledge-base.js:118`),documentation | offline-rag | Chunk extraction — `extractSectionContent(data)` (`knowledge-base.js:118`),0,1,Chikku_docs/offline-rag.md,markdown,Chunk extraction — `extractSectionContent(data)` (`knowledge-base.js:118`)
techdoc:offline-rag:embeddings-json-schema,"offline-rag — ### `embeddings.json` schema
```json
{
  ""model"": ""Xenova/all-MiniLM-L6-v2"",
  ""dim"": 384,
  ""builtAt"": ""2026-07-23T08:40:50.169Z"",
  ""intents"":  [ { ""intent"":""…"", ""examples"":[…], ""embeddings"":[[384 floats]] } ],
  ""chunks"":   [ { ""text"",""title"",""subtopic"",""field"",""section"",""embedding"":[384 floats] } ]
}
```
> `_priority` is stripped from chunks before write; the rerank re-applies it
> at runtime via the `field==='description'` check.

---",internal,offline-rag,Offline Rag,457,Chikku Robotics,techdoc,`embeddings.json` schema,documentation | offline-rag | `embeddings.json` schema,0,1,Chikku_docs/offline-rag.md,markdown,`embeddings.json` schema
techdoc:offline-rag:templates-fallback-templates-js-config-js#p0,"Offline Rag — Templates & fallback (`templates.js`, `config.js`)
offline-rag — ## Templates & fallback (`templates.js`, `config.js`)
- **Welcome / identity** — `ROBOTICS_WELCOME_MESSAGE` (WHO_ARE_YOU),
  `ROBOTICS_IDENTITY_RESPONSES` (WHAT_DO_YOU_DO, CAPABILITIES — random pick
  from variants).
- **Conversational** — `ROBOTICS_CONVERSATIONAL_RESPONSES` (GREETING, GRATITUDE,
  SMALL_TALK, COMPLAINT, FEEDBACK).
- **Info** — `ROBOTICS_INFO_RESPONSES` (COMPANY_LOCATION, COMPANY_CONTACT,
  COMPANY_HOURS, COMPANY_ABOUT). Canned reply cho câu hỏi về địa chỉ / liên hệ /
  giờ hoạt động / giới thiệu công ty. Được route qua `INFO_PATTERNS`
  (`intent.js`) + `INTENT_EXAMPLES` (semantic fallback). Trước đây là code chết
  (TECH_DEBT 2.1, đã fix bằng cách thêm 4 intent thật).
- **Errors** — `ROBOTICS_ERROR_RESPONSES` (`no_results`, `clarification_needed`,
  `system_error`).
- `gracefulFallback()` — the final legacy-path message (""I don't have that
  exact detail handy…"").
- `clarificationFor(query)` (`index.js:274`) — dynamic clarification that quotes",internal,offline-rag,Offline Rag,1054,Chikku Robotics,techdoc,"Templates & fallback (`templates.js`, `config.js`)","documentation | offline-rag | Templates & fallback (`templates.js`, `config.js`)",0,2,Chikku_docs/offline-rag.md,markdown,"Templates & fallback (`templates.js`, `config.js`)"
techdoc:offline-rag:templates-fallback-templates-js-config-js#p1,"Offline Rag — Templates & fallback (`templates.js`, `config.js`)
  exact detail handy…"").
- `clarificationFor(query)` (`index.js:274`) — dynamic clarification that quotes
  the user's truncated query and lists answerable topics.

Identity constants (`botName`, `companyName`, `companyTagline`, `fallbackEmail`)
live in `offline-rag/config.js`. ⚠️ Chỉ `companyName` + `companyTagline` được
import; `botName` + `fallbackEmail` export nhưng 0 import (TECH_DEBT 1.3).

---",internal,offline-rag,Offline Rag,468,Chikku Robotics,techdoc,"Templates & fallback (`templates.js`, `config.js`)","documentation | offline-rag | Templates & fallback (`templates.js`, `config.js`)",1,2,Chikku_docs/offline-rag.md,markdown,"Templates & fallback (`templates.js`, `config.js`)"
techdoc:offline-rag:config-knobs-chikku-config-offlinerag#p0,"Offline Rag — Config knobs — `CHIKKU_CONFIG.offlineRAG`
offline-rag — ## Config knobs — `CHIKKU_CONFIG.offlineRAG`
See [configuration.md](configuration.md) for the full reference. Quick table:

| Knob | Default | Where | Effect |
|------|---------|-------|--------|
| `semantic` | `true` | app.js:2582 | Master switch. `false` → keyword-only path. |
| `rrfK` | `60` | retriever.js:147 (via `this.opts`) | RRF constant. Standard TREC value. |
| `topK` | `10` | retriever.js:147 | Candidates surviving fusion to rerank. |
| `cosineThreshold` | `0.40` | retriever.js:208 | Min dense cosine for HIGH confidence. |
| `bm25OnlyThreshold` | `8` | retriever.js:212 | Min raw BM25 for HIGH when dense off. |
| `intentCosineThreshold` | `0.60` | index.js:118 (default param `intent.js:218`) | Min cosine for semantic intent reclassification. |

Not exposed in config (change in source):
- Rerank weights (`retriever.js:50`): `wFused=1.0`, `wTitle=0.6`,
  `wLexOverlap=0.4`, `lowPriorityPenalty=0.1`.
- BM25 params (`bm25.js:53`): `k1=1.5`, `b=0.75`.",internal,offline-rag,Offline Rag,1040,Chikku Robotics,techdoc,Config knobs — `CHIKKU_CONFIG.offlineRAG`,documentation | offline-rag | Config knobs — `CHIKKU_CONFIG.offlineRAG`,0,2,Chikku_docs/offline-rag.md,markdown,Config knobs — `CHIKKU_CONFIG.offlineRAG`
techdoc:offline-rag:config-knobs-chikku-config-offlinerag#p1,"Offline Rag — Config knobs — `CHIKKU_CONFIG.offlineRAG`
  `wLexOverlap=0.4`, `lowPriorityPenalty=0.1`.
- BM25 params (`bm25.js:53`): `k1=1.5`, `b=0.75`.

**MiniLM cosine sanity check:** related queries sit at ~0.55, unrelated ~0.05.
`cosineThreshold=0.40` is a middle ground.

---",internal,offline-rag,Offline Rag,280,Chikku Robotics,techdoc,Config knobs — `CHIKKU_CONFIG.offlineRAG`,documentation | offline-rag | Config knobs — `CHIKKU_CONFIG.offlineRAG`,1,2,Chikku_docs/offline-rag.md,markdown,Config knobs — `CHIKKU_CONFIG.offlineRAG`
techdoc:offline-rag:editing-the-knowledge-base,"offline-rag — ## Editing the knowledge base
The most common maintenance task. Two cases:",internal,offline-rag,Offline Rag,88,Chikku Robotics,techdoc,Editing the knowledge base,documentation | offline-rag | Editing the knowledge base,0,1,Chikku_docs/offline-rag.md,markdown,Editing the knowledge base
techdoc:offline-rag:case-a-edit-kb-content-only-no-schema-change,"offline-rag — ### Case A: edit KB content only (no schema change)
1. Edit one or more `www/assets/knowledge_base/*.json` files.
2. **Rebuild embeddings:**
   ```bash
   npm run build:kb-embeddings
   ```
   (or `npm run sync` to also re-sync into the native projects)
3. The chunk text changed, so the precomputed vectors are now stale — the
   rebuild is mandatory, otherwise retrieval matches against old text.",internal,offline-rag,Offline Rag,412,Chikku Robotics,techdoc,Case A: edit KB content only (no schema change),documentation | offline-rag | Case A: edit KB content only (no schema change),0,1,Chikku_docs/offline-rag.md,markdown,Case A: edit KB content only (no schema change)
techdoc:offline-rag:case-b-add-an-intent-example,"offline-rag — ### Case B: add an intent example
1. Edit `INTENT_EXAMPLES` in **both**:
   - `www/js/offline-rag/intent.js` (runtime, used for documentation/regex)
   - `scripts/build-kb-embeddings.mjs` (build, used to embed)
2. Rebuild: `npm run build:kb-embeddings`.

> When adding a **new intent type** (not just examples), you also need to: add
> the key to `IntentType` + `IntentCategory` (`intent.js`), add a pattern group
> to `IDENTITY_PATTERNS`/`INFO_PATTERNS`/`CONVERSATIONAL_PATTERNS`, add it to
> `DETERMINISTIC_INTENTS` (`index.js:41`) if it should short-circuit to a
> template, and (if it has a canned reply) add the template map entry. That is
> exactly how the 4 `COMPANY_*` info intents were wired (TECH_DEBT 2.1 fix).",internal,offline-rag,Offline Rag,735,Chikku Robotics,techdoc,Case B: add an intent example,documentation | offline-rag | Case B: add an intent example,0,1,Chikku_docs/offline-rag.md,markdown,Case B: add an intent example
techdoc:offline-rag:case-c-change-the-chunker-extractsectioncontent,"offline-rag — ### Case C: change the chunker (`extractSectionContent`)
`knowledge-base.js:118` is shared by runtime and build. Any change here means
**every chunk is different** → rebuild embeddings. Verify parity by running
the test suite:

```bash
npm run test:offline-rag    # 15 queries, must be 15/15 pass
```

---",internal,offline-rag,Offline Rag,319,Chikku Robotics,techdoc,Case C: change the chunker (`extractSectionContent`),documentation | offline-rag | Case C: change the chunker (`extractSectionContent`),0,1,Chikku_docs/offline-rag.md,markdown,Case C: change the chunker (`extractSectionContent`)
techdoc:offline-rag:tuning-cheatsheet,"offline-rag — ## Tuning cheatsheet
| Symptom | Likely cause | Fix |
|---------|--------------|-----|
| Bot always answers via keyword/FAQ | `semantic:false`, or `embeddings.json` missing/failed | `config.js:offlineRAG.semantic`, check console `[OFFLINE-RAG]` logs |
| Correct paraphrase → wrong intent | `intentCosineThreshold` too high, or `INTENT_EXAMPLES` drift | lower threshold, rebuild embeddings |
| Confident wrong answer | `cosineThreshold` too low | raise it |
| Too many clarification prompts | `cosineThreshold` too high, or `bm25OnlyThreshold` too high | lower one/both |
| Embedder never ready | MiniLM model not staged, or ORT wasm missing | `npm run prepare:rag`; check `assets/models/` and `assets/ort/` |
| Description blurbs beating spec chunks | `lowPriorityPenalty` too small or `field:'description'` missing | inspect `embeddings.json` chunks |
| First query slow | `warmUp()` not awaited | check `index.js:135` |

Validate any tuning change with `npm run test:offline-rag` before shipping.",internal,offline-rag,Offline Rag,1012,Chikku Robotics,techdoc,Tuning cheatsheet,documentation | offline-rag | Tuning cheatsheet,0,1,Chikku_docs/offline-rag.md,markdown,Tuning cheatsheet
techdoc:project-structure:project-structure-file-reference#p0,"Project Structure — Project structure & file reference
project-structure — # Project structure & file reference
> ⚠️ **Thay đổi so với bản cũ:**
> - Sửa line count `app.js` ~3370 → **3364**, `config.js` 149 → **156**.
> - Thêm note về **10 file wakeword model thừa** trong `assets/model/` (alexa/jarvis/mycroft/rhasspy/timer/weather) — không dùng, tăng APK. Xem [TECH_DEBT 3.1](../TECH_DEBT.md#31--file-asset-tha-c-trong-disk-app-khong-load).
> - Còn lại đã verify đúng (đây là doc chính xác thứ 2 sau offline-rag.md).

A complete map of the repository: every directory, the code/model/config files inside it, and the role each one plays. Use this as the lookup table when you need to find *where* something lives before reading the topical docs
([architecture](architecture.md), [offline-rag](offline-rag.md), [native](native.md), [configuration](configuration.md)).

> **Conventions reminder.** There is **no build step** — `www/` is plain ES
> modules loaded directly by the WebView. Edit a `.js` file, run `npm run sync`,",internal,project-structure,Project Structure,1025,Chikku Robotics,techdoc,Project structure & file reference,documentation | project-structure | Project structure & file reference,0,2,Chikku_docs/project-structure.md,markdown,Project structure & file reference
techdoc:project-structure:project-structure-file-reference#p1,"Project Structure — Project structure & file reference
> modules loaded directly by the WebView. Edit a `.js` file, run `npm run sync`,
> and it is in the app. Filenames are **case-sensitive on Android** (the APK
> filesystem is ext4, not case-insensitive like iOS HFS+).

---",internal,project-structure,Project Structure,276,Chikku Robotics,techdoc,Project structure & file reference,documentation | project-structure | Project structure & file reference,1,2,Chikku_docs/project-structure.md,markdown,Project structure & file reference
techdoc:project-structure:top-level-overview#p0,"Project Structure — Top-level overview
project-structure — ## Top-level overview
```
chikku_mobile/
├── www/                     ← THE app (ships inside the APK/IPA WebView)
├── android/                 ← Capacitor-generated Android project
├── ios/                     ← Capacitor-generated iOS project
├── scripts/                 ← asset/model prep + tests (npm run …)
├── docs/                    ← this folder (long-form developer docs)
├── capacitor.config.json    ← Capacitor config (appId, webDir=www, scheme)
├── package.json             ← npm scripts + Capacitor plugin dependencies
├── package-lock.json
├── README.md                ← project overview + quick start
├── SETUP.md                 ← first-build walkthrough
├── VOICE_FILLER_GUIDE.md    ← backend SSE /chat/voice contract (VN/EN mixed)
├── .gitignore               ← ignores node_modules/, .zcode/, base.apk
└── .zcode/                  ← local agent config (gitignored)
```

The split that matters: **`www/` is the product** (the voice kiosk app);",internal,project-structure,Project Structure,1022,Chikku Robotics,techdoc,Top-level overview,documentation | project-structure | Top-level overview,0,2,Chikku_docs/project-structure.md,markdown,Top-level overview
techdoc:project-structure:top-level-overview#p1,"Project Structure — Top-level overview
```

The split that matters: **`www/` is the product** (the voice kiosk app);
**`android/` + `ios/` are the Capacitor shells** that wrap it and provide native capabilities (TTS, mic, the custom Moonshine STT plugin). Everything under `www/` is identical across platforms — the platform-specific differences live entirely in `android/` and `ios/`.

---",internal,project-structure,Project Structure,390,Chikku Robotics,techdoc,Top-level overview,documentation | project-structure | Top-level overview,1,2,Chikku_docs/project-structure.md,markdown,Top-level overview
techdoc:project-structure:the-three-source-layers,"project-structure — ## The three source layers
| Layer | Where | Runs as | Edited how |
|-------|-------|---------|------------|
| **Web app** | `www/` | JS inside the system WebView | edit file → `npm run sync` |
| **Native shell** | `android/`, `ios/` | Java/Kotlin/Swift, native APIs | edit + rebuild in Android Studio / Xcode |
| **Asset prep** | `scripts/` | Node.js (build-time only, not shipped) | `npm run <script>` |

---",internal,project-structure,Project Structure,430,Chikku Robotics,techdoc,The three source layers,documentation | project-structure | The three source layers,0,1,Chikku_docs/project-structure.md,markdown,The three source layers
techdoc:project-structure:www-the-web-application,"project-structure — ## `www/` — the web application
This is the directory Capacitor serves as `webDir`. Every file here is loaded verbatim by the WebView — no transpiler, bundler, or framework.",internal,project-structure,Project Structure,193,Chikku Robotics,techdoc,`www/` — the web application,documentation | project-structure | `www/` — the web application,0,1,Chikku_docs/project-structure.md,markdown,`www/` — the web application
techdoc:project-structure:www-layout,"project-structure — ### `www/` layout
```
www/
├── index.html               ← page shells: every DOM node the JS hooks onto
├── styles.css               ← all styling (single file, no preprocessor)
├── js/                      ← application code (ES modules)
│   ├── app.js               ← THE orchestrator (~3300 lines): state machine + voice loop
│   ├── api-client.js        ← window.chikkuAPI: health/conversation/chat-voice SSE
│   ├── config.js            ← window.CHIKKU_CONFIG (see configuration.md)
│   ├── avatar-manager.js    ← AvatarManager: WebGL green-screen video renderer
│   ├── wakeword-manager.js  ← WakewordManager: ONNX + AudioWorklet wake word
│   ├── offline-rag/         ← on-device RAG pipeline (10 files)
│   └── offline-stt/         ← Moonshine STT manager + native bridge
├── assets/                  ← images, video, audio, KB JSON, ONNX models, WASM
└── vendor/                  ← vendored libraries (onnxruntime, openwakeword, transformers)
```",internal,project-structure,Project Structure,975,Chikku Robotics,techdoc,`www/` layout,documentation | project-structure | `www/` layout,0,1,Chikku_docs/project-structure.md,markdown,`www/` layout
techdoc:project-structure:www-js-application-modules#p0,"Project Structure — `www/js/` — application modules
project-structure — ### `www/js/` — application modules
| File | Lines | Role |
|------|------:|------|
| `app.js` | 3364 | **The orchestrator — the source of truth.** Owns the `state`/`runtime`/`ui` objects, the five-state avatar machine, and the entire voice loop (wake word → greeting → STT → transcript handling → speak → follow-up). The only module that mutates app state. |
| `api-client.js` | 249 | `APIClient` → `window.chikkuAPI`. All backend I/O. `healthCheck()`, `createConversation()`, `chatVoice()` (SSE stream parser), `chatVoiceWithRetry()` (abortable, retrying wrapper). Fetch-based, no external deps. |
| `config.js` | 156 | `window.CHIKKU_CONFIG` — every tunable knob (API, boot health, avatar, wakeword, offlineRAG, offlineSTT, voiceFiller, sttEngine). See [configuration.md](configuration.md). |",internal,project-structure,Project Structure,867,Chikku Robotics,techdoc,`www/js/` — application modules,documentation | project-structure | `www/js/` — application modules,0,2,Chikku_docs/project-structure.md,markdown,`www/js/` — application modules
techdoc:project-structure:www-js-application-modules#p1,"Project Structure — `www/js/` — application modules
| `avatar-manager.js` | 645 | `AvatarManager` + `AVATAR_STATES`. Pure WebGL renderer: two `<video>` slots crossfaded through a chroma-key (green-screen) fragment shader. `IDLE/LISTENING/THINKING/SPEAKING/ERROR` each map to a green-screen MP4. Does **not** own transitions — `app.js` drives them. |
| `wakeword-manager.js` | 476 | `WakewordManager`. Wraps the vendored openWakeWord engine (`vendor/openwakeword/`) + ONNX Runtime Web. Runs an AudioWorklet at 16 kHz, computes melspectrogram features, scores the wake word ONNX model, applies VAD + a sliding-window detector, reports detections via `onDetected`. |",internal,project-structure,Project Structure,663,Chikku Robotics,techdoc,`www/js/` — application modules,documentation | project-structure | `www/js/` — application modules,1,2,Chikku_docs/project-structure.md,markdown,`www/js/` — application modules
techdoc:project-structure:www-js-offline-rag-on-device-rag-pipeline#p0,"Project Structure — `www/js/offline-rag/` — on-device RAG pipeline
project-structure — ### `www/js/offline-rag/` — on-device RAG pipeline
Used in offline mode (backend unreachable). Full pipeline in
[offline-rag.md](offline-rag.md); this is the file map.

| File | Lines | Role |
|------|------:|------|
| `index.js` | 299 | **Orchestrator** — `RAGPipeline.answer(query)` entry point. Runs normalize → classify intent → template route → hybrid retrieval → confidence. Async. |
| `text-normalizer.js` | 131 | `normalizeQuery()` — ASR cleanup: lowercase, strip filler words, expand contractions, number-words → digits, trim. |
| `intent.js` | 342 | Two-stage intent classifier. `classifyIntent()` (regex fast-pass over IDENTITY/INFO/CONVERSATIONAL patterns, first-match-wins) + `classifyIntentSemantic()` (dense fallback against precomputed `INTENT_EXAMPLES` vectors). Also defines `IntentType` / `IntentCategory`. |
| `retriever.js` | 226 | `HybridRetriever` — BM25 + MiniLM dense cosine → Reciprocal Rank Fusion → top-K → linear rerank → confidence label (`high`/`low`). |",internal,project-structure,Project Structure,1072,Chikku Robotics,techdoc,`www/js/offline-rag/` — on-device RAG pipeline,documentation | project-structure | `www/js/offline-rag/` — on-device RAG pipeline,0,2,Chikku_docs/project-structure.md,markdown,`www/js/offline-rag/` — on-device RAG pipeline
techdoc:project-structure:www-js-offline-rag-on-device-rag-pipeline#p1,"Project Structure — `www/js/offline-rag/` — on-device RAG pipeline
| `bm25.js` | 119 | Okapi BM25 lexical index (`k1=1.5`, `b=0.75`). Tokenize → stop-word strip → stem → score. |
| `embedder.js` | 115 | On-device MiniLM wrapper (transformers.js). Lazy race-safe singleton `init()`, `embed(text)` → `Float32Array(384)`, `cosineSim()`. Shares the wake word's ORT wasm binaries. |
| `knowledge-base.js` | 509 | KB loader + `extractSectionContent()` chunker (shared with the build script) + legacy `searchKnowledgeBase()` keyword matcher + `getBestFaqMatch()`. |
| `stemmer.js` | 49 | Lightweight suffix-stripping stemmer used by BM25. |
| `templates.js` | 199 | Canned identity/conversational/info/error responses (`ROBOTICS_*_RESPONSES`), `getTemplate()`, `gracefulFallback()`, `getErrorResponse()`. Info templates (COMPANY_LOCATION/CONTACT/HOURS/ABOUT) are routed via the matching intents (TECH_DEBT 2.1 fix). |
| `config.js` | 14 | Identity constants: `botName`, `companyName`, `companyTagline`, `fallbackEmail`. Mirrors the backend's `bot_config`. |",internal,project-structure,Project Structure,1050,Chikku Robotics,techdoc,`www/js/offline-rag/` — on-device RAG pipeline,documentation | project-structure | `www/js/offline-rag/` — on-device RAG pipeline,1,2,Chikku_docs/project-structure.md,markdown,`www/js/offline-rag/` — on-device RAG pipeline
techdoc:project-structure:www-js-offline-stt-moonshine-offline-speech-to-text,"project-structure — ### `www/js/offline-stt/` — Moonshine offline speech-to-text
| File | Lines | Role |
|------|------:|------|
| `index.js` | 350 | `OfflineSTTManager`. Manages the Moonshine lifecycle (load/start/stop/destroy), stitches partial transcripts into finals (anti-early-cutoff), and forwards `onPartial`/`onFinal`/`onSpeechStart`/`onSpeechEnd`/`onError` callbacks to match the online STT contract. |
| `moonshine-native.js` | 254 | JS bridge to the custom `MoonshineStt` Capacitor plugin. Wraps `window.Capacitor.Plugins.MoonshineStt.{loadModel,start,stop,destroy}` and the `moonshine:partial`/`moonshine:final`/`moonshine:error` events. |",internal,project-structure,Project Structure,652,Chikku Robotics,techdoc,`www/js/offline-stt/` — Moonshine offline speech-to-text,documentation | project-structure | `www/js/offline-stt/` — Moonshine offline speech-to-text,0,1,Chikku_docs/project-structure.md,markdown,`www/js/offline-stt/` — Moonshine offline speech-to-text
techdoc:project-structure:www-assets-runtime-assets#p0,"Project Structure — `www/assets/` — runtime assets
project-structure — ### `www/assets/` — runtime assets
```
www/assets/
├── logo.png                 ← brand logo (loading page + status bar)
├── chat-bg.jpg              ← chat background texture
├── city-bg.png              ← idle/kiosk background
├── audio/
│   └── ding.mp3             ← wake-word detection sound (wakeword.dingUrl)
├── videos/                  ← avatar green-screen MP4s (WebGL chroma-keyed)
│   ├── idle-state-green.mp4 ← IDLE / LISTENING / THINKING loops
│   └── speaking-state-green.mp4 ← SPEAKING loop
├── knowledge_base/          ← RAG knowledge base (8 source JSONs + embeddings)
│   ├── company_overview.json
│   ├── identity.json
│   ├── products.json
│   ├── services.json
│   ├── solutions.json
│   ├── technologies.json
│   ├── partnerships.json
│   ├── faq.json
│   └── embeddings.json      ← GENERATED (build:kb-embeddings) — precomputed vectors
├── model/                   ← openWakeWord ONNX weights (single-thread build)
│   ├── .gitkeep",internal,project-structure,Project Structure,1026,Chikku Robotics,techdoc,`www/assets/` — runtime assets,documentation | project-structure | `www/assets/` — runtime assets,0,4,Chikku_docs/project-structure.md,markdown,`www/assets/` — runtime assets
techdoc:project-structure:www-assets-runtime-assets#p1,"Project Structure — `www/assets/` — runtime assets
├── model/                   ← openWakeWord ONNX weights (single-thread build)
│   ├── .gitkeep
│   ├── Hi_chikku.onnx       ← custom ""hi chikku"" wake word model (~200 KB) — ĐANG DÙNG
│   ├── embedding_model.onnx ← openWakeWord embedding model (~1.3 MB) — ĐANG DÙNG
│   ├── melspectrogram.onnx  ← melspectrogram feature extractor (~1.1 MB) — ĐANG DÙNG
│   ├── silero_vad.onnx      ← Silero voice-activity detection (~1.8 MB) — ĐANG DÙNG
│   └── ⚠️ + 10 file thừa (alexa/hey_jarvis/hey_mycroft/hey_rhasspy/timer/weather × .onnx/.tflite)
│         không reference, tăng APK. Xem [TECH_DEBT 3.1](../TECH_DEBT.md#31--file-asset-tha-c-trong-disk-app-khong-load).
├── models/                  ← transformers.js sentence-embedding model
│   └── Xenova/all-MiniLM-L6-v2/
│       ├── config.json
│       ├── tokenizer.json
│       ├── tokenizer_config.json
│       ├── special_tokens_map.json
│       ├── vocab.txt
│       └── onnx/
│           ├── model.onnx           ← full-precision (~23 MB)",internal,project-structure,Project Structure,1037,Chikku Robotics,techdoc,`www/assets/` — runtime assets,documentation | project-structure | `www/assets/` — runtime assets,1,4,Chikku_docs/project-structure.md,markdown,`www/assets/` — runtime assets
techdoc:project-structure:www-assets-runtime-assets#p2,"Project Structure — `www/assets/` — runtime assets
│       ├── vocab.txt
│       └── onnx/
│           ├── model.onnx           ← full-precision (~23 MB)
│           └── model_quantized.onnx ← int8 quantized (~23 MB) — used at runtime
└── ort/                     ← ONNX Runtime WASM binaries (GENERATED by prepare:wakeword-assets)
    ├── ort-wasm.mjs         ← aliased single-thread ORT loader (patched)
    ├── ort-wasm.wasm        ← single-thread ORT binary
    ├── ort-wasm-simd-threaded.mjs ← SIMD+threaded source (aliased from)
    └── ort-wasm-simd-threaded.wasm
```

#### Model file roles

| Model | File(s) | Used by | Purpose |
|-------|---------|---------|---------|
| Wake word | `model/Hi_chikku.onnx` | `wakeword-manager.js` | Scores the ""hi chikku"" phrase. Custom-trained. |
| Wake word features | `model/melspectrogram.onnx` | `wakeword-manager.js` | Audio → 16 kHz melspectrogram input for the wake word model. |
| Wake word VAD | `model/silero_vad.onnx` | `wakeword-manager.js` | Voice-activity gating before accepting a detection. |",internal,project-structure,Project Structure,1052,Chikku Robotics,techdoc,`www/assets/` — runtime assets,documentation | project-structure | `www/assets/` — runtime assets,2,4,Chikku_docs/project-structure.md,markdown,`www/assets/` — runtime assets
techdoc:project-structure:www-assets-runtime-assets#p3,"Project Structure — `www/assets/` — runtime assets
| Wake word embedder | `model/embedding_model.onnx` | `wakeword-manager.js` | openWakeWord's internal embedding model. |
| RAG embeddings | `models/Xenova/all-MiniLM-L6-v2/onnx/model_quantized.onnx` | `offline-rag/embedder.js` | 384-dim sentence embeddings for dense retrieval (int8). |
| RAG vectors | `knowledge_base/embeddings.json` | `offline-rag/retriever.js` | Precomputed chunk + intent-example vectors (~1.7 MB). |

> **Generated vs committed.** `assets/ort/*` and `assets/models/**` are
> produced by `npm run prepare:assets` (via `scripts/copy-wakeword-assets.mjs`
> and `scripts/download-minilm-model.mjs`) but **are committed to git** so a
> fresh clone builds without re-downloading. `embeddings.json` is committed too
> (generated by `scripts/build-kb-embeddings.mjs`). Re-run the scripts when the
> KB or model versions change.",internal,project-structure,Project Structure,893,Chikku Robotics,techdoc,`www/assets/` — runtime assets,documentation | project-structure | `www/assets/` — runtime assets,3,4,Chikku_docs/project-structure.md,markdown,`www/assets/` — runtime assets
techdoc:project-structure:www-vendor-vendored-third-party-libraries,"project-structure — ### `www/vendor/` — vendored third-party libraries
Copied from `node_modules/` by `scripts/copy-wakeword-assets.mjs` (the
`transformers` bundle is committed as-is). The WebView cannot use bare
`node_modules/` imports, so these are vendored and imported by relative path.

| Path | Source package | Used by | Role |
|------|----------------|---------|------|
| `vendor/onnxruntime/ort.wasm.min.mjs` | `onnxruntime-web` | `wakeword-manager.js` (and indirectly the RAG embedder) | ONNX Runtime Web ESM loader. |
| `vendor/openwakeword/index.js` | `openwakeword-wasm-browser` | `wakeword-manager.js` | Re-export barrel. |
| `vendor/openwakeword/WakeWordEngine.js` | `openwakeword-wasm-browser` | `wakeword-manager.js` | `WakeWordEngine` class (AudioWorklet + melspec + scoring). Patched to import the vendored ORT. |
| `vendor/transformers/transformers.min.mjs` | `@huggingface/transformers` | `offline-rag/embedder.js` | Transformers.js — loads the MiniLM model for RAG embeddings. |

---",internal,project-structure,Project Structure,1005,Chikku Robotics,techdoc,`www/vendor/` — vendored third-party libraries,documentation | project-structure | `www/vendor/` — vendored third-party libraries,0,1,Chikku_docs/project-structure.md,markdown,`www/vendor/` — vendored third-party libraries
techdoc:project-structure:scripts-build-time-asset-preparation-tests#p0,"Project Structure — `scripts/` — build-time asset preparation & tests
project-structure — ## `scripts/` — build-time asset preparation & tests
Plain Node ESM (`.mjs`), run via the `npm run` scripts in `package.json`.
None of these ship in the app.

| File | npm script | Role |
|------|------------|------|
| `copy-wakeword-assets.mjs` | `prepare:wakeword-assets` | Copies openWakeWord models → `www/assets/model/`, ORT wasm → `www/assets/ort/`, vendored libs → `www/vendor/`. Also mirrors `www/assets/ort` into the native asset trees. |
| `download-moonshine-models.mjs` | `prepare:moonshine-models` | Downloads a Moonshine model's 3 files (`encoder_model.ort`, `decoder_model_merged.ort`, `tokenizer.bin`) into staging. |
| `copy-moonshine-to-android-assets.mjs` | `prepare:moonshine-assets` | Copies the staged Moonshine model → `android/app/src/main/assets/moonshine/<model>/`. Native-side only. |
| `download-minilm-model.mjs` | `prepare:minilm-model` | Downloads `Xenova/all-MiniLM-L6-v2` → `www/assets/models/Xenova/all-MiniLM-L6-v2/`. |",internal,project-structure,Project Structure,1044,Chikku Robotics,techdoc,`scripts/` — build-time asset preparation & tests,documentation | project-structure | `scripts/` — build-time asset preparation & tests,0,3,Chikku_docs/project-structure.md,markdown,`scripts/` — build-time asset preparation & tests
techdoc:project-structure:scripts-build-time-asset-preparation-tests#p1,"Project Structure — `scripts/` — build-time asset preparation & tests
| `build-kb-embeddings.mjs` | `build:kb-embeddings` | Reads the 8 KB JSONs, extracts chunks with the **same** `extractSectionContent()` as runtime, embeds each with MiniLM, writes `www/assets/knowledge_base/embeddings.json`. |
| `test-offline-rag.mjs` | `test:offline-rag` | 15-query RAG smoke test (Node). Must be 15/15 pass. |
| `playwright-mic-test.mjs` | `test:web:mic` | Playwright-driven mic capture test against `www/` in Chromium. |

#### Script composition (from `package.json`)

| Composite script | Runs |
|------------------|------|
| `prepare:moonshine` | `prepare:moonshine-models` + `prepare:moonshine-assets` |
| `prepare:rag` | `prepare:minilm-model` + `build:kb-embeddings` |
| `prepare:assets` | `prepare:wakeword-assets` + `prepare:moonshine` + `prepare:rag` |
| `sync` | `prepare:assets` + `npx cap sync` |
| `build:android` | `prepare:assets` + `npx cap build android` |
| `build:ios` | `prepare:assets` + `npx cap build ios` |

> Run `npm run sync` after **any** change under `www/` or to any model asset —",internal,project-structure,Project Structure,1099,Chikku Robotics,techdoc,`scripts/` — build-time asset preparation & tests,documentation | project-structure | `scripts/` — build-time asset preparation & tests,1,3,Chikku_docs/project-structure.md,markdown,`scripts/` — build-time asset preparation & tests
techdoc:project-structure:scripts-build-time-asset-preparation-tests#p2,"Project Structure — `scripts/` — build-time asset preparation & tests

> Run `npm run sync` after **any** change under `www/` or to any model asset —
> it re-stages assets and re-syncs into both native projects.

---",internal,project-structure,Project Structure,216,Chikku Robotics,techdoc,`scripts/` — build-time asset preparation & tests,documentation | project-structure | `scripts/` — build-time asset preparation & tests,2,3,Chikku_docs/project-structure.md,markdown,`scripts/` — build-time asset preparation & tests
techdoc:project-structure:android-capacitor-android-project#p0,"Project Structure — `android/` — Capacitor Android project
project-structure — ## `android/` — Capacitor Android project
```
android/
├── build.gradle                    ← root build (AGP 8.13.2, google-services classpath)
├── variables.gradle                ← SDK versions (minSdk 26 forced by Moonshine)
├── settings.gradle                 ← module includes
├── capacitor.settings.gradle       ← GENERATED (cap sync) — plugin modules
├── gradle.properties
├── local.properties                ← SDK path (gitignored)
├── gradlew / gradlew.bat           ← wrapper scripts
├── gradle/wrapper/
│   ├── gradle-wrapper.jar
│   └── gradle-wrapper.properties
├── capacitor-cordova-android-plugins/  ← GENERATED Cordova-plugin bridge module
└── app/
    ├── build.gradle                ← app module config (appId, deps, Moonshine AAR)
    ├── capacitor.build.gradle      ← GENERATED — plugin dependencies
    ├── proguard-rules.pro          ← empty (minify disabled)
    └── src/
        ├── main/
        │   ├── AndroidManifest.xml ← permissions + kiosk activity config",internal,project-structure,Project Structure,1064,Chikku Robotics,techdoc,`android/` — Capacitor Android project,documentation | project-structure | `android/` — Capacitor Android project,0,2,Chikku_docs/project-structure.md,markdown,`android/` — Capacitor Android project
techdoc:project-structure:android-capacitor-android-project#p1,"Project Structure — `android/` — Capacitor Android project
    └── src/
        ├── main/
        │   ├── AndroidManifest.xml ← permissions + kiosk activity config
        │   ├── assets/             ← native-side assets
        │   ├── java/com/chikkurobotics/chikku/  ← native source
        │   └── res/                ← resources (icons, splash, themes, XML config)
        ├── androidTest/            ← instrumented test stub
        └── test/                   ← unit test stub
```",internal,project-structure,Project Structure,487,Chikku Robotics,techdoc,`android/` — Capacitor Android project,documentation | project-structure | `android/` — Capacitor Android project,1,2,Chikku_docs/project-structure.md,markdown,`android/` — Capacitor Android project
techdoc:project-structure:android-app-src-main-java-com-chikkurobotics-chikku-native-s,"project-structure — ### `android/app/src/main/java/com/chikkurobotics/chikku/` — native source
The package matches the `applicationId` (`com.chikkurobotics.chikku`). Only two
Java files — the rest is Capacitor-generated.

| File | Role |
|------|------|
| `MainActivity.java` | `BridgeActivity` entry point. Registers `MoonshineSttPlugin` **before** `super.onCreate()` (Capacitor 5 gotcha), enables kiosk mode (`FLAG_KEEP_SCREEN_ON` + immersive sticky UI). |
| `MoonshineSttPlugin.java` | Custom `@CapacitorPlugin(name=""MoonshineStt"")`. Wraps the Moonshine Voice SDK (`ai.moonshine:moonshine-voice:0.0.69`) for streaming on-device STT. Exposes `loadModel`/`start`/`stop`/`destroy`; emits `moonshine:partial`/`moonshine:final`/`moonshine:error`. **Android only.** |",internal,project-structure,Project Structure,764,Chikku Robotics,techdoc,`android/app/src/main/java/com/chikkurobotics/chikku/` — native source,documentation | project-structure | `android/app/src/main/java/com/chikkurobotics/chikku/` — native source,0,1,Chikku_docs/project-structure.md,markdown,`android/app/src/main/java/com/chikkurobotics/chikku/` — native source
techdoc:project-structure:android-app-src-main-assets-native-side-assets,"project-structure — ### `android/app/src/main/assets/` — native-side assets
| Path | Role |
|------|------|
| `capacitor.config.json` | GENERATED — copy of the root config consumed by the bridge. |
| `capacitor.plugins.json` | GENERATED — lists npm-installed plugins (SpeechRecognition, TextToSpeech, App, Preferences). Custom plugins are **not** listed here. |
| `moonshine/base-en/` | Native-only Moonshine model (`encoder_model.ort`, `decoder_model_merged.ort`, `tokenizer.bin`). Staged by `prepare:moonshine-assets`. **Not git-tracked** — run `npm run prepare:moonshine` to stage. |
| `public/` | A mirror of `www/` — this is what the WebView actually loads on Android. Regenerated by `cap sync`. |",internal,project-structure,Project Structure,702,Chikku Robotics,techdoc,`android/app/src/main/assets/` — native-side assets,documentation | project-structure | `android/app/src/main/assets/` — native-side assets,0,1,Chikku_docs/project-structure.md,markdown,`android/app/src/main/assets/` — native-side assets
techdoc:project-structure:android-app-src-main-res-android-resources,"project-structure — ### `android/app/src/main/res/` — Android resources
| Path | Role |
|------|------|
| `values/strings.xml` | `app_name`=""Chikku"", package/url-scheme strings. |
| `values/styles.xml` | App themes (splash, NoActionBar). |
| `values/ic_launcher_background.xml` | Launcher background color. |
| `xml/AndroidManifest.xml` refs | — |
| `xml/network_security_config.xml` | Allows cleartext HTTP (LAN backend). |
| `xml/file_paths.xml` | FileProvider paths. |
| `xml/config.xml` | Cordova compatibility config. |
| `mipmap-*/ic_launcher*.png` | App icons (all densities). |
| `drawable-*/splash.png` | Splash screens (portrait + landscape, all densities). |
| `layout/activity_main.xml` | Bridge layout (single Capacitor WebView). |",internal,project-structure,Project Structure,744,Chikku Robotics,techdoc,`android/app/src/main/res/` — Android resources,documentation | project-structure | `android/app/src/main/res/` — Android resources,0,1,Chikku_docs/project-structure.md,markdown,`android/app/src/main/res/` — Android resources
techdoc:project-structure:android-permissions-androidmanifest-xml,"project-structure — ### Android permissions (`AndroidManifest.xml`)
| Permission | Purpose |
|------------|---------|
| `INTERNET` | Backend calls + online Web Speech. |
| `RECORD_AUDIO` | Mic for wake word / Moonshine / SpeechRecognition. |
| `MODIFY_AUDIO_SETTINGS` | Mic configuration (volume / silent mode). |

---",internal,project-structure,Project Structure,318,Chikku Robotics,techdoc,Android permissions (`AndroidManifest.xml`),documentation | project-structure | Android permissions (`AndroidManifest.xml`),0,1,Chikku_docs/project-structure.md,markdown,Android permissions (`AndroidManifest.xml`)
techdoc:project-structure:ios-capacitor-ios-project#p0,"Project Structure — `ios/` — Capacitor iOS project
project-structure — ## `ios/` — Capacitor iOS project
Standard Capacitor iOS scaffold. `App/App/public/` (the `www/` mirror) and
`capacitor-cordova-ios-plugins/` are gitignored (regenerated by `cap sync`).

```
ios/
├── .gitignore                   ← ignores public/, Pods/, output/, cordova plugins
└── App/
    ├── Podfile                  ← CocoaPods deps (run `pod install` first time)
    ├── App.xcodeproj/           ← Xcode project
    ├── App.xcworkspace/         ← open this in Xcode (not the .xcodeproj)
    └── App/
        ├── AppDelegate.swift    ← app lifecycle entry point
        ├── Info.plist           ← ⚠️ MISSING mic/SpeechRecognition usage strings — see troubleshooting.md
        ├── capacitor.config.json← GENERATED copy of root config
        ├── config.xml           ← Cordova compatibility
        ├── Assets.xcassets/     ← AppIcon + Splash image sets
        ├── Base.lproj/          ← LaunchScreen.storyboard + Main.storyboard
        └── public/              ← mirror of www/ (gitignored, regenerated by cap sync)
```",internal,project-structure,Project Structure,1099,Chikku Robotics,techdoc,`ios/` — Capacitor iOS project,documentation | project-structure | `ios/` — Capacitor iOS project,0,2,Chikku_docs/project-structure.md,markdown,`ios/` — Capacitor iOS project
techdoc:project-structure:ios-capacitor-ios-project#p1,"Project Structure — `ios/` — Capacitor iOS project
        └── public/              ← mirror of www/ (gitignored, regenerated by cap sync)
```

> **iOS is not yet production-ready** — see the known issues in
> [troubleshooting.md](troubleshooting.md) (missing `Info.plist` permission
> strings) and [native.md](native.md) (no Moonshine equivalent plugin, so
> offline STT is unavailable; offline mode shows the text-input panel instead).

---",internal,project-structure,Project Structure,442,Chikku Robotics,techdoc,`ios/` — Capacitor iOS project,documentation | project-structure | `ios/` — Capacitor iOS project,1,2,Chikku_docs/project-structure.md,markdown,`ios/` — Capacitor iOS project
techdoc:project-structure:configuration-metadata-files-root,"project-structure — ## Configuration & metadata files (root)
| File | Role |
|------|------|
| `capacitor.config.json` | Source of truth for app identity: `appId`=`com.chikkurobotics.chikku`, `appName`=`Chikku`, `webDir`=`www`, `androidScheme`=`http` (cleartext, needed for LAN backend). |
| `package.json` | npm scripts (sync/build/prepare/test) + Capacitor plugin dependencies (`speech-recognition`, `text-to-speech`, `app`, `preferences`) + ML libs (`onnxruntime-web`, `openwakeword-wasm-browser`, `@huggingface/transformers`). |
| `package-lock.json` | Pinned dependency versions. |
| `.gitignore` | Ignores `node_modules/`, `.zcode/`, `base.apk`. |

---",internal,project-structure,Project Structure,658,Chikku Robotics,techdoc,Configuration & metadata files (root),documentation | project-structure | Configuration & metadata files (root),0,1,Chikku_docs/project-structure.md,markdown,Configuration & metadata files (root)
techdoc:project-structure:documentation-files,"project-structure — ## Documentation files
| File | Audience / topic |
|------|------------------|
| `README.md` (root) | Project overview, quick start, tech stack, doc index. |
| `SETUP.md` | First-build walkthrough (prerequisites, config, APK/IPA output). |
| `VOICE_FILLER_GUIDE.md` | Backend `POST /chat/voice` SSE contract (`filler`/`response`/`done`/`error`). |
| `docs/README.md` | Index of the `docs/` folder + repo-structure summary + quick-lookup table. |
| `docs/architecture.md` | Runtime architecture, state machine, voice loop end-to-end. |
| `docs/offline-rag.md` | On-device RAG pipeline (intent → retrieval → confidence → tuning). |
| `docs/native.md` | Android/iOS native layer, Capacitor plugins, build steps, the Moonshine plugin. |
| `docs/configuration.md` | `CHIKKU_CONFIG` reference (every knob explained). |
| `docs/troubleshooting.md` | Debug cheatsheet + known issues. |
| `docs/project-structure.md` | **This file** — directory & file reference. |

---",internal,project-structure,Project Structure,980,Chikku Robotics,techdoc,Documentation files,documentation | project-structure | Documentation files,0,1,Chikku_docs/project-structure.md,markdown,Documentation files
techdoc:project-structure:where-do-i-edit-quick-lookup#p0,"Project Structure — ""Where do I edit…?"" quick lookup
project-structure — ## ""Where do I edit…?"" quick lookup
| Task | File(s) |
|------|---------|
| Change what the bot says about itself | `www/js/offline-rag/templates.js`, `offline-rag/config.js` |
| Edit knowledge base content | `www/assets/knowledge_base/*.json` → `npm run build:kb-embeddings` |
| Tune RAG relevance / confidence | `www/js/config.js` → `offlineRAG.*` ([configuration.md](configuration.md)) |
| Change the wake word phrase/model | `www/js/config.js` → `wakeword.*` + retrain `assets/model/Hi_chikku.onnx` |
| Swap avatar videos | drop MP4s in `www/assets/videos/` + `config.js` → `avatar.videoSources` |
| Point at a different backend | `www/js/config.js` → `apiBaseUrl` |
| Change the offline STT model | `config.js` → `offlineSTT.moonshineModel` + `MOONSHINE_MODEL=<n> npm run prepare:moonshine` |
| Add/modify a backend endpoint | `www/js/api-client.js` |
| Change app permissions | `android/app/src/main/AndroidManifest.xml`, `ios/App/App/Info.plist` |",internal,project-structure,Project Structure,1027,Chikku Robotics,techdoc,"""Where do I edit…?"" quick lookup","documentation | project-structure | ""Where do I edit…?"" quick lookup",0,2,Chikku_docs/project-structure.md,markdown,"""Where do I edit…?"" quick lookup"
techdoc:project-structure:where-do-i-edit-quick-lookup#p1,"Project Structure — ""Where do I edit…?"" quick lookup
| Change app permissions | `android/app/src/main/AndroidManifest.xml`, `ios/App/App/Info.plist` |
| Edit native Moonshine plugin | `android/.../MoonshineSttPlugin.java` + `www/js/offline-stt/moonshine-native.js` |
| Update staged models (wake word / MiniLM / ORT wasm) | `scripts/copy-wakeword-assets.mjs`, `scripts/download-minilm-model.mjs` → `npm run prepare:wakeword-assets` / `prepare:minilm-model` |
| Regenerate RAG embeddings | `scripts/build-kb-embeddings.mjs` → `npm run build:kb-embeddings` |
| Change build/version SDK | `android/variables.gradle`, `android/app/build.gradle` |

---",internal,project-structure,Project Structure,647,Chikku Robotics,techdoc,"""Where do I edit…?"" quick lookup","documentation | project-structure | ""Where do I edit…?"" quick lookup",1,2,Chikku_docs/project-structure.md,markdown,"""Where do I edit…?"" quick lookup"
techdoc:project-structure:generated-gitignored-files-do-not-edit-by-hand#p0,"Project Structure — Generated / gitignored files (do not edit by hand)
project-structure — ## Generated / gitignored files (do not edit by hand)
These are produced by tooling and either committed (so fresh clones build
without re-downloading) or gitignored (regenerated every build). Editing them
directly is wasted work — change the **source** and re-run the script.

| Path | Generated by | Committed? |
|------|--------------|------------|
| `www/assets/ort/*` | `prepare:wakeword-assets` | ✅ yes |
| `www/assets/model/*.onnx` | `prepare:wakeword-assets` | ✅ yes (except `Hi_chikku.onnx` — custom) |
| `www/vendor/**` | `prepare:wakeword-assets` (transformers committed) | ✅ yes |
| `www/assets/models/Xenova/all-MiniLM-L6-v2/**` | `prepare:minilm-model` | ✅ yes |
| `www/assets/knowledge_base/embeddings.json` | `build:kb-embeddings` | ✅ yes |
| `android/app/src/main/assets/public/**` | `cap sync` (mirror of `www/`) | ❌ no (regenerated) |
| `android/app/src/main/assets/moonshine/**` | `prepare:moonshine-assets` | ❌ no |",internal,project-structure,Project Structure,1027,Chikku Robotics,techdoc,Generated / gitignored files (do not edit by hand),documentation | project-structure | Generated / gitignored files (do not edit by hand),0,2,Chikku_docs/project-structure.md,markdown,Generated / gitignored files (do not edit by hand)
techdoc:project-structure:generated-gitignored-files-do-not-edit-by-hand#p1,"Project Structure — Generated / gitignored files (do not edit by hand)
| `android/app/src/main/assets/moonshine/**` | `prepare:moonshine-assets` | ❌ no |
| `android/app/src/main/assets/capacitor.{config.json,plugins.json}` | `cap sync` | ❌ no |
| `android/capacitor.settings.gradle`, `capacitor.build.gradle` | `cap sync` | ❌ no |
| `android/app/build/`, `*/build/` | Gradle build | ❌ no |
| `android/hs_err_pid*.log`, `replay_pid*.log` | JVM crash dumps | ❌ no (safe to delete) |
| `ios/App/App/public/**` | `cap sync` (mirror of `www/`) | ❌ no |
| `ios/App/Pods/` | `pod install` | ❌ no |
| `node_modules/` | `npm install` | ❌ no |

> If the wake word fails to initialise after a clean checkout, the most likely
> cause is a missing/mismatched file under `www/assets/ort/` or
> `www/assets/model/` — re-run `npm run prepare:wakeword-assets`.",internal,project-structure,Project Structure,843,Chikku Robotics,techdoc,Generated / gitignored files (do not edit by hand),documentation | project-structure | Generated / gitignored files (do not edit by hand),1,2,Chikku_docs/project-structure.md,markdown,Generated / gitignored files (do not edit by hand)
techdoc:srs:software-requirements-specification-srs,srs — # Software Requirements Specification (SRS),internal,srs,Srs,49,Chikku Robotics,techdoc,Software Requirements Specification (SRS),documentation | srs | Software Requirements Specification (SRS),0,1,Chikku_docs/srs.md,markdown,Software Requirements Specification (SRS)
techdoc:srs:chikku-mobile-voice-ai-kiosk-application,"srs — ## Chikku Mobile — Voice AI Kiosk Application
**Version:** 1.0.0  
**Date:** 2026-07-28  
**Company:** Chikku Robotics  

---",internal,srs,Srs,131,Chikku Robotics,techdoc,Chikku Mobile — Voice AI Kiosk Application,documentation | srs | Chikku Mobile — Voice AI Kiosk Application,0,1,Chikku_docs/srs.md,markdown,Chikku Mobile — Voice AI Kiosk Application
techdoc:srs:table-of-contents,"srs — ## Table of Contents
1. [Introduction](#1-introduction)
   - [1.1 Purpose](#11-purpose)
   - [1.2 Scope](#12-scope)
   - [1.3 Definitions & Glossary](#13-definitions--glossary)
   - [1.4 References](#14-references)
2. [Overall Description](#2-overall-description)
   - [2.1 Product Perspective](#21-product-perspective)
   - [2.2 Product Functions](#22-product-functions)
   - [2.3 User Characteristics](#23-user-characteristics)
   - [2.4 Operating Environment](#24-operating-environment)
   - [2.5 Design & Implementation Constraints](#25-design--implementation-constraints)
   - [2.6 Assumptions & Dependencies](#26-assumptions--dependencies)
3. [Specific Requirements](#3-specific-requirements)
   - [3.1 External Interface Requirements](#31-external-interface-requirements)
   - [3.2 Functional Requirements](#32-functional-requirements)
   - [3.3 Performance Requirements](#33-performance-requirements)
   - [3.4 Non-functional Requirements](#34-non-functional-requirements)
   - [3.5 Platform-specific Requirements](#35-platform-specific-requirements)

---",internal,srs,Srs,1069,Chikku Robotics,techdoc,Table of Contents,documentation | srs | Table of Contents,0,1,Chikku_docs/srs.md,markdown,Table of Contents
techdoc:srs:1-introduction,srs — ## 1. Introduction,internal,srs,Srs,24,Chikku Robotics,techdoc,1. Introduction,documentation | srs | 1. Introduction,0,1,Chikku_docs/srs.md,markdown,1. Introduction
techdoc:srs:1-1-purpose,"srs — ### 1.1 Purpose
This Software Requirements Specification (SRS) defines the functional and non-functional requirements for the **Chikku Mobile** application — a voice-activated AI kiosk developed by Chikku Robotics. The application serves as the front-end conversational interface for the Chikku service robot, providing natural voice interaction to visitors at exhibitions, lobbies, and public spaces.

This document is intended for:
- **Developers** — as the authoritative reference for implementation.
- **QA Engineers** — as the basis for test planning and verification.
- **Project Stakeholders** — as the agreed-upon scope of delivered functionality.",internal,srs,Srs,661,Chikku Robotics,techdoc,1.1 Purpose,documentation | srs | 1.1 Purpose,0,1,Chikku_docs/srs.md,markdown,1.1 Purpose
techdoc:srs:1-2-scope#p0,"Srs — 1.2 Scope
srs — ### 1.2 Scope
Chikku Mobile is a **hybrid mobile application** built with Capacitor 5, wrapping a vanilla JavaScript web application inside a native Android/iOS shell. The system provides:

- **Always-on wake word detection** — listens for ""hi chikku"" using an on-device ONNX model (openWakeWord).
- **Multi-backend speech-to-text (STT)** — Moonshine Voice SDK (Android, on-device — default engine for both online & offline; also the auto-fallback when the native cloud STT fails) and `@capacitor-community/speech-recognition` (Google cloud, when `sttEngine:'native'` + online healthy). Web Speech API is the browser fallback. Engine selection is centralized in `shouldUseMoonshineSTT()`.
- **Conversational AI with hybrid retrieval** — queries a remote backend (`POST /chat/voice` SSE) when online, and falls back to an on-device Retrieval-Augmented Generation (RAG) pipeline (BM25 + MiniLM dense embeddings + Reciprocal Rank Fusion) when offline.
- **Avatar rendering** — a WebGL green-screen video avatar with five states (idle, listening, thinking, speaking, error).",internal,srs,Srs,1092,Chikku Robotics,techdoc,1.2 Scope,documentation | srs | 1.2 Scope,0,2,Chikku_docs/srs.md,markdown,1.2 Scope
techdoc:srs:1-2-scope#p1,"Srs — 1.2 Scope
- **Native text-to-speech (TTS)** — with barge-in support and filler bridging.
- **Kiosk mode** — lockdown UX with password-gated exit, preventing visitors from leaving the app.

The offline RAG knowledge base covers the company's identity, products, services, solutions, partnerships, technologies, and frequently asked questions.",internal,srs,Srs,347,Chikku Robotics,techdoc,1.2 Scope,documentation | srs | 1.2 Scope,1,2,Chikku_docs/srs.md,markdown,1.2 Scope
techdoc:srs:1-3-definitions-glossary#p0,"Srs — 1.3 Definitions & Glossary
srs — ### 1.3 Definitions & Glossary
| Term | Definition |
|------|------------|
| **Wake Word** | The spoken phrase ""hi chikku"" that activates the voice assistant from idle. |
| **STT** | Speech-to-Text — converting spoken audio into text. |
| **TTS** | Text-to-Speech — synthesizing spoken audio from text. |
| **RAG** | Retrieval-Augmented Generation — retrieving relevant knowledge chunks and using them to generate or select an answer. |
| **SSE** | Server-Sent Events — a unidirectional streaming protocol used by the backend `/chat/voice` endpoint. |
| **BM25** | Okapi BM25 — a bag-of-words lexical retrieval function (k1=1.5, b=0.75). |
| **MiniLM** | `all-MiniLM-L6-v2` — a sentence-transformer model (384-dim embeddings) used for dense semantic retrieval. |
| **RRF** | Reciprocal Rank Fusion — a rank-aggregation method combining BM25 and dense results (k=60). |
| **Moonshine** | The Useful Sensors Moonshine Voice SDK — an on-device streaming STT engine for Android. |
| **openWakeWord** | An open-source ONNX-based wake word detection library. |",internal,srs,Srs,1093,Chikku Robotics,techdoc,1.3 Definitions & Glossary,documentation | srs | 1.3 Definitions & Glossary,0,2,Chikku_docs/srs.md,markdown,1.3 Definitions & Glossary
techdoc:srs:1-3-definitions-glossary#p1,"Srs — 1.3 Definitions & Glossary
| **openWakeWord** | An open-source ONNX-based wake word detection library. |
| **Filler** | A bridging sentence spoken by TTS while waiting for a slow LLM response from the backend. |
| **Follow-up Window** | A ~10 s period after each answer during which the mic stays open for a follow-up question without re-triggering the wake word. |
| **Barge-in** | The ability to interrupt the current TTS utterance (via button or new speech) and immediately begin a new voice turn. |
| **Capacitor** | A cross-platform native runtime that wraps a web application inside a WebView with access to native device APIs. |
| **Chroma-key** | A compositing technique (green-screen removal) used by the WebGL shader to render the avatar video with transparent background. |
| **VAD** | Voice Activity Detection — determines whether a segment of audio contains speech. |
| **Kiosk Mode** | A locked-down UX preventing the user from navigating away from the application. |",internal,srs,Srs,987,Chikku Robotics,techdoc,1.3 Definitions & Glossary,documentation | srs | 1.3 Definitions & Glossary,1,2,Chikku_docs/srs.md,markdown,1.3 Definitions & Glossary
techdoc:srs:1-4-references,"srs — ### 1.4 References
| Document | Location |
|----------|----------|
| Project README | `README.md` |
| Setup Guide | `SETUP.md` |
| Architecture Documentation | `docs/architecture.md` |
| Project Structure Reference | `docs/project-structure.md` |
| Offline RAG Pipeline | `docs/offline-rag.md` |
| Native Layer & Plugins | `docs/native.md` |
| Configuration Reference | `docs/configuration.md` |
| Troubleshooting Guide | `docs/troubleshooting.md` |
| Voice Filler SSE Contract | `VOICE_FILLER_GUIDE.md` |
| Capacitor Configuration | `capacitor.config.json` |
| App Configuration | `www/js/config.js` |

---",internal,srs,Srs,613,Chikku Robotics,techdoc,1.4 References,documentation | srs | 1.4 References,0,1,Chikku_docs/srs.md,markdown,1.4 References
techdoc:srs:2-overall-description,srs — ## 2. Overall Description,internal,srs,Srs,31,Chikku Robotics,techdoc,2. Overall Description,documentation | srs | 2. Overall Description,0,1,Chikku_docs/srs.md,markdown,2. Overall Description
techdoc:srs:2-1-product-perspective,"srs — ### 2.1 Product Perspective
Chikku Mobile is the client-side component of the larger Chikku Robotics ecosystem. The system architecture comprises:

```
┌──────────────────────┐     HTTP/SSE      ┌──────────────────────┐
│   Chikku Mobile App   │ ◄──────────────► │   Saigonbot Backend   │
│  (Capacitor + WebView) │                   │  (RAG + LLM Server)   │
│                       │                   │  POST /chat/voice      │
│  ┌─────────────────┐ │                   │  GET /health            │
│  │ On-device RAG    │ │                   └──────────────────────┘
│  │ On-device STT    │ │
│  │ Wake Word Engine │ │
│  └─────────────────┘ │
└──────────────────────┘
```

The app is designed to function **both online and offline**. When the backend is reachable, the app delegates answering to the server. When unreachable, it degrades gracefully to on-device STT and RAG with no user-visible disruption beyond a status indicator change.",internal,srs,Srs,950,Chikku Robotics,techdoc,2.1 Product Perspective,documentation | srs | 2.1 Product Perspective,0,1,Chikku_docs/srs.md,markdown,2.1 Product Perspective
techdoc:srs:2-2-product-functions,"srs — ### 2.2 Product Functions
At a high level, the application provides the following capabilities:

| ID | Function | Priority |
|----|----------|----------|
| F-01 | Always-on wake word detection (""hi chikku"") | Essential |
| F-02 | Speech-to-text transcription (online & offline) | Essential |
| F-03 | Conversational question answering via backend SSE | Essential |
| F-04 | On-device offline RAG fallback | Essential |
| F-05 | Text-to-speech response delivery with interrupt | Essential |
| F-06 | Avatar rendering with 5-state visual feedback | Essential |
| F-07 | 10-second follow-up conversation window | High |
| F-08 | Kiosk mode with password-gated exit | High |
| F-09 | Backend health monitoring & auto mode switching | High |
| F-10 | Weather information display | Medium |
| F-11 | Text-input panel as fallback for STT | Medium |
| F-12 | Filler bridging during LLM wait | Medium |",internal,srs,Srs,900,Chikku Robotics,techdoc,2.2 Product Functions,documentation | srs | 2.2 Product Functions,0,1,Chikku_docs/srs.md,markdown,2.2 Product Functions
techdoc:srs:2-3-user-characteristics,"srs — ### 2.3 User Characteristics
The target users are **visitors at exhibitions, trade shows, and public venues** who interact with the Chikku robot. Users are expected to:

- Have no technical training.
- Interact primarily through **natural spoken English**.
- Stand within conversational distance of the device (~1–3 meters).
- May have varying accents, speech patterns, and background noise conditions.

A secondary user is the **booth operator** who sets up and monitors the device. This user needs the exit password and may configure the backend URL.",internal,srs,Srs,558,Chikku Robotics,techdoc,2.3 User Characteristics,documentation | srs | 2.3 User Characteristics,0,1,Chikku_docs/srs.md,markdown,2.3 User Characteristics
techdoc:srs:2-4-operating-environment,"srs — ### 2.4 Operating Environment
| Parameter | Requirement |
|-----------|-------------|
| **Platform** | Android 8.0+ (API 26), iOS 13+ |
| **Android WebView** | Chrome WebView (system-provided, version ≥ 80) |
| **iOS WebView** | WKWebView (system-provided) |
| **Network** | Wi-Fi (same LAN as backend), or offline |
| **Screen** | Tablet-sized display (recommended 10""+) in landscape or portrait |
| **Audio** | Built-in microphone (mono, 16 kHz), built-in speaker |
| **Architecture** | arm64-v8a (Android), arm64 (iOS); x86_64 supported for emulator testing |
| **Orientation** | Landscape primary (kiosk mount); portrait supported |",internal,srs,Srs,642,Chikku Robotics,techdoc,2.4 Operating Environment,documentation | srs | 2.4 Operating Environment,0,1,Chikku_docs/srs.md,markdown,2.4 Operating Environment
techdoc:srs:2-5-design-implementation-constraints#p0,"Srs — 2.5 Design & Implementation Constraints
srs — ### 2.5 Design & Implementation Constraints
| ID | Constraint |
|----|------------|
| C-01 | **No build step.** The web app (`www/`) must be plain ES modules loaded directly by the WebView — no transpiler, bundler, or framework (React/Vue/Angular). |
| C-02 | **Capacitor 5** is the only allowed native bridge. No Cordova plugins. |
| C-03 | **HTTP scheme on Android.** `androidScheme: ""http""` is required for LAN backend access (cleartext traffic). |
| C-04 | **Single-threaded ORT.** ONNX Runtime Web runs on the main thread (`ortProxy: false`) because the app is served over `http` (no `crossOriginIsolated` for SharedArrayBuffer). |
| C-05 | **Case-sensitive filenames on Android.** All asset filenames must match exactly, including case (Android uses ext4 filesystem). |
| C-06 | **No COOP/COEP headers.** The app runs on the `capacitor://` or `http://` scheme without cross-origin isolation. |",internal,srs,Srs,951,Chikku Robotics,techdoc,2.5 Design & Implementation Constraints,documentation | srs | 2.5 Design & Implementation Constraints,0,2,Chikku_docs/srs.md,markdown,2.5 Design & Implementation Constraints
techdoc:srs:2-5-design-implementation-constraints#p1,"Srs — 2.5 Design & Implementation Constraints
| C-07 | **Mic constraints.** Echo cancellation, noise suppression, and auto-gain control must be `false` — native preprocessing distorts speech without a reference signal from native TTS. Software AGC inside the AudioWorklet handles normalization. |
| C-08 | **App ID** is `com.chikkurobotics.chikku` and must not change after initial release. |
| C-09 | **Offline STT is Android-only.** Moonshine Voice SDK has no iOS equivalent. iOS offline mode shows the text-input panel. |",internal,srs,Srs,524,Chikku Robotics,techdoc,2.5 Design & Implementation Constraints,documentation | srs | 2.5 Design & Implementation Constraints,1,2,Chikku_docs/srs.md,markdown,2.5 Design & Implementation Constraints
techdoc:srs:2-6-assumptions-dependencies,"srs — ### 2.6 Assumptions & Dependencies
| ID | Assumption / Dependency |
|----|--------------------------|
| A-01 | The backend server (`saigonbot`) is available at the configured `apiBaseUrl` on the same LAN. |
| A-02 | The backend exposes `GET /health` and `POST /chat/voice` endpoints conforming to the SSE contract in `VOICE_FILLER_GUIDE.md`. |
| A-03 | The Android device has Google Chrome WebView installed (part of Google Play Services / system image). |
| A-04 | ONNX Runtime Web WASM binaries are present at `www/assets/ort/`. |
| A-05 | openWakeWord models are present at `www/assets/model/`. |
| A-06 | Knowledge base JSON files and embeddings are present at `www/assets/knowledge_base/`. |
| A-07 | Moonshine Voice SDK models are present in `android/app/src/main/assets/moonshine/` for offline STT builds. |
| A-08 | The user grants microphone permission on first launch. |
| A-09 | A user gesture (tap) occurs before wake word detection can start (browser autoplay policy). |

---",internal,srs,Srs,994,Chikku Robotics,techdoc,2.6 Assumptions & Dependencies,documentation | srs | 2.6 Assumptions & Dependencies,0,1,Chikku_docs/srs.md,markdown,2.6 Assumptions & Dependencies
techdoc:srs:3-specific-requirements,srs — ## 3. Specific Requirements,internal,srs,Srs,33,Chikku Robotics,techdoc,3. Specific Requirements,documentation | srs | 3. Specific Requirements,0,1,Chikku_docs/srs.md,markdown,3. Specific Requirements
techdoc:srs:3-1-external-interface-requirements#p0,"Srs — 3.1 External Interface Requirements
srs — ### 3.1 External Interface Requirements
#### 3.1.1 User Interface

The UI is a full-screen kiosk interface with the following layers (bottom to top):

| Layer | Description |
|-------|-------------|
| **Avatar layer** | WebGL canvas rendering a green-screen video avatar with chroma-key compositing. Occupies the full viewport as the background. |
| **Status bar** | Top bar showing: network status indicator (green dot = online, amber pulse = offline), weather icon + temperature, volume slider, exit button. |
| **Kiosk overlays** | Glow ring around the avatar, barge-in button (visible during speaking), idle overlay (semi-transparent with ""Say 'Hi Chikku'"" or ""Tap to Speak""), error overlay (full-screen with message). |
| **Chat transcript** | Scrollable text area showing user messages (right-aligned) and bot responses (left-aligned) with conversation bubbles. |
| **Text-input panel** | Shown when offline STT is unavailable — a text field with send button for typed queries. |",internal,srs,Srs,1033,Chikku Robotics,techdoc,3.1 External Interface Requirements,documentation | srs | 3.1 External Interface Requirements,0,4,Chikku_docs/srs.md,markdown,3.1 External Interface Requirements
techdoc:srs:3-1-external-interface-requirements#p1,"Srs — 3.1 External Interface Requirements
| **Text-input panel** | Shown when offline STT is unavailable — a text field with send button for typed queries. |
| **Exit dialog** | Password prompt shown when the exit button is tapped. |

#### 3.1.2 Avatar States

The avatar renders in exactly **five** states, each mapped to a green-screen MP4 video:

| State | Video | Trigger |
|-------|-------|---------|
| `IDLE` | `idle-state-green.mp4` | No active interaction. |
| `LISTENING` | `idle-state-green.mp4` (reuses idle) | Microphone is recording user speech. |
| `THINKING` | `idle-state-green.mp4` (reuses idle) | Processing transcript, waiting for backend response, or in follow-up window. |
| `SPEAKING` | `speaking-state-green.mp4` | TTS is actively playing audio. |
| `ERROR` | (overlay, not video) | Backend unreachable AND offline RAG unavailable. |

Transitions between states use a 400 ms crossfade between two video slots rendered through a WebGL chroma-key fragment shader.

#### 3.1.3 Backend API Contract

The app communicates with the backend exclusively through `window.chikkuAPI`:",internal,srs,Srs,1097,Chikku Robotics,techdoc,3.1 External Interface Requirements,documentation | srs | 3.1 External Interface Requirements,1,4,Chikku_docs/srs.md,markdown,3.1 External Interface Requirements
techdoc:srs:3-1-external-interface-requirements#p2,"Srs — 3.1 External Interface Requirements

#### 3.1.3 Backend API Contract

The app communicates with the backend exclusively through `window.chikkuAPI`:

**`GET /health`**
- Returns `{ status: ""ok"" }` on success.
- Used for boot health check and periodic polling (8 s interval).
- Timeout: 2 s per attempt (boot), 5 s (periodic).

**`POST /chat/voice`** (SSE stream)
- Request body: `{ query: string, conversation_id: string | null }`
- Events (SSE `data:` lines):
  - `{""type"":""filler""}` — FAQ cache miss; frontend should speak a filler sentence immediately.
  - `{""type"":""response"", ""query"":..., ""response"":..., ""source"":...}` — final answer ready.
  - `{""type"":""done"", ""conversation_id"":...}` — stream complete.
  - `{""type"":""error"", ""message"":...}` — pipeline error.
- See `VOICE_FILLER_GUIDE.md` for the full contract.

#### 3.1.4 Hardware Interfaces

| Interface | Usage |
|-----------|-------|
| **Microphone** | 16 kHz mono audio capture for wake word and STT. Accessed via `getUserMedia` (WebView) or Capacitor SpeechRecognition plugin. |",internal,srs,Srs,1048,Chikku Robotics,techdoc,3.1 External Interface Requirements,documentation | srs | 3.1 External Interface Requirements,2,4,Chikku_docs/srs.md,markdown,3.1 External Interface Requirements
techdoc:srs:3-1-external-interface-requirements#p3,"Srs — 3.1 External Interface Requirements
| **Speaker** | Audio output for TTS and the wake word detection ding. |
| **Touchscreen** | Tap-to-speak activation, barge-in button, exit button, volume slider, text input. |
| **Wi-Fi** | LAN connectivity to the backend server. |",internal,srs,Srs,274,Chikku Robotics,techdoc,3.1 External Interface Requirements,documentation | srs | 3.1 External Interface Requirements,3,4,Chikku_docs/srs.md,markdown,3.1 External Interface Requirements
techdoc:srs:3-2-functional-requirements#p0,"Srs — 3.2 Functional Requirements
srs — ### 3.2 Functional Requirements
---

#### FR-01: Wake Word Detection

**Priority:** Essential  
**Module:** `wakeword-manager.js`

The system shall continuously listen for the spoken phrase ""hi chikku"" using an on-device openWakeWord ONNX model.

| ID | Requirement |
|----|-------------|
| FR-01.1 | The wake word engine shall load the ONNX model `Hi_chikku.onnx` from `assets/model/` at boot. |
| FR-01.2 | Audio shall be captured at 16 kHz mono via an `AudioWorklet` node. |
| FR-01.3 | Mel-spectrogram features shall be computed in the AudioWorklet and scored by the ONNX model on the main thread. |
| FR-01.4 | A sliding-window detector (8 frames, min 2 above threshold) shall be applied to reduce false positives. |
| FR-01.5 | The detection threshold shall be 0.25 with VAD active, or 0.45 as an override when VAD is inactive. |
| FR-01.6 | A VAD threshold of 0.35 with 800 ms grace period shall gate detections. |
| FR-01.7 | A 2-second cooldown shall be enforced after each detection to prevent double-triggers. |",internal,srs,Srs,1062,Chikku Robotics,techdoc,3.2 Functional Requirements,documentation | srs | 3.2 Functional Requirements,0,20,Chikku_docs/srs.md,markdown,3.2 Functional Requirements
techdoc:srs:3-2-functional-requirements#p1,"Srs — 3.2 Functional Requirements
| FR-01.7 | A 2-second cooldown shall be enforced after each detection to prevent double-triggers. |
| FR-01.8 | A ""ding"" sound (`assets/audio/ding.mp3`) shall be played on detection as audible feedback. |
| FR-01.9 | The wake word engine shall be automatically **paused** during TTS playback and the follow-up window. |
| FR-01.10 | The wake word engine shall be **resumed** when the follow-up window closes or the user exits to idle. |
| FR-01.11 | Wake word detection requires a prior user gesture (tap) due to browser autoplay restrictions. The UI shall prompt ""Tap to Start"" until this occurs. |

---

#### FR-02: Speech-to-Text (STT)

**Priority:** Essential  
**Modules:** `app.js`, `offline-stt/`, `MoonshineSttPlugin.java`

The system shall transcribe user speech to text using the best available STT backend for the current mode and platform.

**STT Backend Selection Priority** (decided by `shouldUseMoonshineSTT()`, `app.js:1380`):

| Condition | Platform | Backend |
|-----------|----------|---------|",internal,srs,Srs,1048,Chikku Robotics,techdoc,3.2 Functional Requirements,documentation | srs | 3.2 Functional Requirements,1,20,Chikku_docs/srs.md,markdown,3.2 Functional Requirements
techdoc:srs:3-2-functional-requirements#p2,"Srs — 3.2 Functional Requirements

| Condition | Platform | Backend |
|-----------|----------|---------|
| `sttEngine:'moonshine'` (default) | Android | Moonshine Voice SDK (both online & offline) |
| `sttEngine:'native'` + online healthy | Android/iOS | `@capacitor-community/speech-recognition` plugin (Google cloud) |
| `sttEngine:'native'` + offline | Android | Moonshine Voice SDK (offline forces it — cloud STT needs network) |
| `sttEngine:'native'` + native failed ≥ threshold | Android | Moonshine Voice SDK (auto fallback) |
| Browser (no Capacitor) | any | Web Speech API (continuous + interim) |
| Offline + no Moonshine (iOS) | iOS | None — text-input panel shown |

| ID | Requirement |
|----|-------------|
| FR-02.1 | The Moonshine STT plugin shall load a model (tiny/small/medium/base) from `android/app/src/main/assets/moonshine/`. Loading is **lazy**: the model is loaded only when `shouldUseMoonshineSTT()` is true (i.e. `sttEngine:'moonshine'`, OR offline mode, OR native STT fallback), NOT eagerly at boot when `sttEngine:'native'` + online. |",internal,srs,Srs,1065,Chikku Robotics,techdoc,3.2 Functional Requirements,documentation | srs | 3.2 Functional Requirements,2,20,Chikku_docs/srs.md,markdown,3.2 Functional Requirements
techdoc:srs:3-2-functional-requirements#p3,"Srs — 3.2 Functional Requirements
| FR-02.2 | Moonshine shall emit `partial` (interim) and `final` (completed utterance) events to the JS layer. |
| FR-02.3 | Web Speech API shall be configured for continuous recognition with interim results and auto-restart on `onend`. |
| FR-02.4 | The Capacitor SpeechRecognition plugin shall register `partialResults` and `listeningState` listeners. |
| FR-02.5 | All STT backends shall accumulate partial transcripts into `finalTranscript` and deliver the complete transcript on stop. |
| FR-02.6 | Speech end shall be detected after 1,400 ms of silence (configurable via `wakeword.speechEndSilenceMs`). |
| FR-02.7 | If offline STT is disabled (`offlineSTT.enabled: false`) or unavailable (iOS), the text-input panel shall be displayed in offline mode. |
| FR-02.8 | STT backend switching (online ↔ offline) shall be seamless — the current recording is stopped, the engine is torn down, and the new engine is initialized without requiring user action. |",internal,srs,Srs,993,Chikku Robotics,techdoc,3.2 Functional Requirements,documentation | srs | 3.2 Functional Requirements,3,20,Chikku_docs/srs.md,markdown,3.2 Functional Requirements
techdoc:srs:3-2-functional-requirements#p4,"Srs — 3.2 Functional Requirements
| FR-02.9 | Before the native SpeechRecognition plugin starts, any resident Moonshine manager that is NOT actively listening shall be destroyed (`startRecording()` native branch) to free the native microphone. This prevents mic contention when Moonshine was loaded during a prior offline state and the backend has since recovered. |",internal,srs,Srs,366,Chikku Robotics,techdoc,3.2 Functional Requirements,documentation | srs | 3.2 Functional Requirements,4,20,Chikku_docs/srs.md,markdown,3.2 Functional Requirements
techdoc:srs:3-2-functional-requirements#p5,"Srs — 3.2 Functional Requirements
| FR-02.10 | A native SpeechRecognition error shall be classified by `classifyNativeSttError()` as either `'no-input'` (benign recognition outcome: silence / no-match / timeout / aborted — the recognizer RAN but produced no usable transcript) or `'start-failure'` (the recognizer could NOT run: audio capture, recognizer busy, service missing, network/server/client error, permission denied). Classification shall normalize the error message — strip an exception-class prefix (e.g. `CapacitorException: `), lowercase, and collapse separators (space/underscore/hyphen) — so message wording/casing changes across plugin versions cannot misclassify a benign outcome as a failure. Unknown / empty errors shall default to `'start-failure'` (fail-safe: a kiosk must keep responding). After `NATIVE_STT_FAIL_THRESHOLD` (2) consecutive `'start-failure'` outcomes, the app shall flip `runtime.useMoonshineFallback` and route all subsequent `startRecording()` calls to the Moonshine engine. A `'no-input'` outcome shall RESET the failure counter (a single glitch followed by a",internal,srs,Srs,1100,Chikku Robotics,techdoc,3.2 Functional Requirements,documentation | srs | 3.2 Functional Requirements,5,20,Chikku_docs/srs.md,markdown,3.2 Functional Requirements
techdoc:srs:3-2-functional-requirements#p6,"Srs — 3.2 Functional Requirements
()` calls to the Moonshine engine. A `'no-input'` outcome shall RESET the failure counter (a single glitch followed by a normal silent turn must not accumulate). The fallback flag is cleared when the backend recovers (offline→online transition in `applyBackendHealth`). |",internal,srs,Srs,305,Chikku Robotics,techdoc,3.2 Functional Requirements,documentation | srs | 3.2 Functional Requirements,6,20,Chikku_docs/srs.md,markdown,3.2 Functional Requirements
techdoc:srs:3-2-functional-requirements#p7,"Srs — 3.2 Functional Requirements

---

#### FR-03: Conversational AI — Online Mode

**Priority:** Essential  
**Modules:** `app.js`, `api-client.js`

When the backend is reachable, the system shall delegate question answering to the remote `/chat/voice` SSE endpoint.

| ID | Requirement |
|----|-------------|
| FR-03.1 | The app shall send the user's transcript and current `conversation_id` via `POST /chat/voice`. |
| FR-03.2 | The app shall parse the SSE stream and handle `filler`, `response`, `done`, and `error` events. |
| FR-03.3 | On receiving a `filler` event, the app shall immediately speak a random filler sentence (from `FILLER_SENTENCES`) to bridge the LLM wait time (~4–6 s). |
| FR-03.4 | On receiving a `response` event, the app shall cancel any in-progress filler and speak the real response via TTS. |
| FR-03.5 | On receiving a `done` event, the app shall adopt the returned `conversation_id` for the next turn. |
| FR-03.6 | The request shall be **abortable** via `AbortController` to support barge-in and flow cancellation. |",internal,srs,Srs,1051,Chikku Robotics,techdoc,3.2 Functional Requirements,documentation | srs | 3.2 Functional Requirements,7,20,Chikku_docs/srs.md,markdown,3.2 Functional Requirements
techdoc:srs:3-2-functional-requirements#p8,"Srs — 3.2 Functional Requirements
| FR-03.6 | The request shall be **abortable** via `AbortController` to support barge-in and flow cancellation. |
| FR-03.7 | Failed requests shall be retried up to 3 times with 2 s exponential backoff (`apiRetryAttempts`, `apiRetryDelayMs`). |
| FR-03.8 | On non-abort failure (network error, HTTP 5xx), the app shall automatically switch to offline mode and retry the query via the on-device RAG pipeline. |

---

#### FR-04: Conversational AI — Offline Mode

**Priority:** Essential  
**Modules:** `www/js/offline-rag/` (10 files)

When the backend is unreachable, the system shall answer questions using an on-device hybrid RAG pipeline.

**Pipeline stages:**

```
Normalize → Classify Intent → Template Route → Hybrid Retrieval (BM25 + MiniLM) → Confidence → Format Response
```

| ID | Requirement |
|----|-------------|
| FR-04.1 | **Normalization** — The query shall be lowercased, stripped of filler words, have contractions expanded, number-words converted to digits, and whitespace trimmed. |",internal,srs,Srs,1037,Chikku Robotics,techdoc,3.2 Functional Requirements,documentation | srs | 3.2 Functional Requirements,8,20,Chikku_docs/srs.md,markdown,3.2 Functional Requirements
techdoc:srs:3-2-functional-requirements#p9,"Srs — 3.2 Functional Requirements
| FR-04.2 | **Intent Classification** — A two-stage classifier shall determine intent: (1) regex fast-pass (first-match-wins), (2) semantic fallback using MiniLM cosine similarity against precomputed `INTENT_EXAMPLES` vectors (threshold: 0.60). |
| FR-04.3 | **Template Routing** — Conversational intents (greeting, gratitude, small talk, complaint, feedback), company-info intents (location, contact, business hours, about), and select identity intents (who are you, what do you do, capabilities) shall be answered via deterministic templates from `templates.js`. |
| FR-04.4 | **Hybrid Retrieval** — BM25 (lexical) and MiniLM dense cosine similarity (semantic) scores shall be combined via Reciprocal Rank Fusion (k=60) to produce a fused top-10 ranking. |
| FR-04.5 | **Reranking** — The top-10 candidates shall be linearly reranked using weighted BM25 + cosine scores. |",internal,srs,Srs,908,Chikku Robotics,techdoc,3.2 Functional Requirements,documentation | srs | 3.2 Functional Requirements,9,20,Chikku_docs/srs.md,markdown,3.2 Functional Requirements
techdoc:srs:3-2-functional-requirements#p10,"Srs — 3.2 Functional Requirements
| FR-04.5 | **Reranking** — The top-10 candidates shall be linearly reranked using weighted BM25 + cosine scores. |
| FR-04.6 | **Confidence Labeling** — A cosine threshold of 0.40 shall define HIGH confidence; below that, the best FAQ match (keyword-based) shall be attempted; if no FAQ match, a clarification prompt shall be returned. |
| FR-04.7 | When the MiniLM embedder is unavailable (semantic disabled or not loaded), the system shall fall back to BM25-only retrieval with a score threshold of 8. |
| FR-04.8 | If no result meets any threshold, a graceful fallback response shall be returned (""I'm not sure about that…""). |
| FR-04.9 | The offline RAG shall be preloaded and warmed up at boot (in parallel with the health check) so the first offline query is fast. |

---

#### FR-05: Text-to-Speech (TTS)

**Priority:** Essential  
**Module:** `app.js` (`speak()` function)

The system shall speak responses aloud using the best available TTS engine.

| ID | Requirement |
|----|-------------|",internal,srs,Srs,1036,Chikku Robotics,techdoc,3.2 Functional Requirements,documentation | srs | 3.2 Functional Requirements,10,20,Chikku_docs/srs.md,markdown,3.2 Functional Requirements
techdoc:srs:3-2-functional-requirements#p11,"Srs — 3.2 Functional Requirements

The system shall speak responses aloud using the best available TTS engine.

| ID | Requirement |
|----|-------------|
| FR-05.1 | TTS shall use `@capacitor-community/text-to-speech` (native TTS) as the primary engine. |
| FR-05.2 | Web `SpeechSynthesis` API shall serve as a fallback if Capacitor TTS is unavailable (e.g., running in a desktop browser during development). |
| FR-05.3 | TTS language shall default to `en-US` with configurable rate (0.1–10) and pitch (0–2). |
| FR-05.4 | The avatar state shall transition to `SPEAKING` ~200 ms **before** TTS audio begins, allowing the 4K video decoder a head start. |
| FR-05.5 | Response text shall be cleaned before speaking: Markdown formatting, emoji, and special characters shall be stripped. |
| FR-05.6 | **Barge-in support:** A `pendingSpeakRequestId` mechanism shall allow a new `speak()` call to cancel an in-progress utterance via `CapacitorTTS.stop()`. |",internal,srs,Srs,953,Chikku Robotics,techdoc,3.2 Functional Requirements,documentation | srs | 3.2 Functional Requirements,11,20,Chikku_docs/srs.md,markdown,3.2 Functional Requirements
techdoc:srs:3-2-functional-requirements#p12,"Srs — 3.2 Functional Requirements
| FR-05.7 | A silent TTS warm-up (speaking `'.'` at volume 0) shall run at boot to initialize the Android TTS engine (~1–3 s), ensuring the launch greeting is instant. |
| FR-05.8 | The wake word engine shall be paused during all TTS playback and resumed afterward. |

---

#### FR-06: Follow-up Conversation Window

**Priority:** High  
**Module:** `app.js`

| ID | Requirement |
|----|-------------|
| FR-06.1 | After every TTS response completes, a 10-second follow-up window shall open (`FOLLOW_UP_TIMEOUT_MS = 10_000`). |
| FR-06.2 | During the follow-up window, the mic shall remain open for STT without requiring the wake word. |
| FR-06.3 | The wake word engine shall remain paused during the follow-up window. |
| FR-06.4 | A countdown timer shall display ""Listening… Ns"" in the status area, updating every 1 second. |
| FR-06.5 | The follow-up timer shall **pause** when the user begins speaking (to prevent expiration mid-utterance) and **resume** when speech ends. |",internal,srs,Srs,1012,Chikku Robotics,techdoc,3.2 Functional Requirements,documentation | srs | 3.2 Functional Requirements,12,20,Chikku_docs/srs.md,markdown,3.2 Functional Requirements
techdoc:srs:3-2-functional-requirements#p13,"Srs — 3.2 Functional Requirements
| FR-06.6 | If the follow-up timer expires with no speech, the app shall return to IDLE, resume the wake word, and start a 2-minute idle conversation timer. |
| FR-06.7 | After 2 minutes of idle, a new conversation shall be silently created (resetting `conversation_id`) without any user-visible notification. |

---

#### FR-07: Kiosk Mode & Access Control

**Priority:** High  
**Module:** `app.js`

| ID | Requirement |
|----|-------------|
| FR-07.1 | The app shall run in full-screen kiosk mode, preventing the user from navigating away. |
| FR-07.2 | An exit button shall be visible in the status bar. |
| FR-07.3 | Tapping the exit button shall show a password prompt dialog. |
| FR-07.4 | The exit password shall be configurable via `CHIKKU_CONFIG.exitPassword` (default: `'chikku'`). |
| FR-07.5 | Setting `exitPassword` to an empty string shall disable the password gate (exit with a single tap). |
| FR-07.6 | The app shall request a wake lock to prevent the screen from sleeping during operation. |

---

#### FR-08: Avatar Rendering",internal,srs,Srs,1080,Chikku Robotics,techdoc,3.2 Functional Requirements,documentation | srs | 3.2 Functional Requirements,13,20,Chikku_docs/srs.md,markdown,3.2 Functional Requirements
techdoc:srs:3-2-functional-requirements#p14,"Srs — 3.2 Functional Requirements

---

#### FR-08: Avatar Rendering

**Priority:** Essential  
**Module:** `avatar-manager.js`

| ID | Requirement |
|----|-------------|
| FR-08.1 | The avatar shall be rendered via a WebGL canvas with a chroma-key (green-screen) fragment shader. |
| FR-08.2 | Two `<video>` elements shall be maintained as texture sources, allowing crossfade transitions. |
| FR-08.3 | State transitions shall crossfade over 400 ms (configurable via `avatar.transitionMs`). |
| FR-08.4 | Each of the five avatar states (`IDLE`, `LISTENING`, `THINKING`, `SPEAKING`, `ERROR`) shall map to a green-screen MP4 video. |
| FR-08.5 | `app.js` shall own all state transitions — `AvatarManager` is a pure renderer that does not mutate app state. |
| FR-08.6 | A `video` render mode shall be supported as an alternative (native `<video>` element for videos with alpha channel), selectable via `avatar.renderMode`. |

---

#### FR-09: Health Monitoring & Mode Switching

**Priority:** High  
**Module:** `app.js`

| ID | Requirement |
|----|-------------|",internal,srs,Srs,1062,Chikku Robotics,techdoc,3.2 Functional Requirements,documentation | srs | 3.2 Functional Requirements,14,20,Chikku_docs/srs.md,markdown,3.2 Functional Requirements
techdoc:srs:3-2-functional-requirements#p15,"Srs — 3.2 Functional Requirements

**Priority:** High  
**Module:** `app.js`

| ID | Requirement |
|----|-------------|
| FR-09.1 | At boot, a health check shall be retried up to 3 times with 1 s delays between attempts (2 s per-attempt timeout). A truly-down backend shall resolve to offline mode within ~7–9 s. |
| FR-09.2 | A periodic health poll shall run every 8 seconds (`HEALTH_POLL_MS`). |
| FR-09.3 | On each health poll result, `applyBackendHealth(healthy)` shall determine the mode transition. |
| FR-09.4 | **Online → Offline:** The offline-STT failure cache shall be reset; any stale cached STT manager (when `sttEngine!=='moonshine'`) shall be destroyed; Moonshine shall be lazy-loaded via `getOfflineSTT()`. |",internal,srs,Srs,724,Chikku Robotics,techdoc,3.2 Functional Requirements,documentation | srs | 3.2 Functional Requirements,15,20,Chikku_docs/srs.md,markdown,3.2 Functional Requirements
techdoc:srs:3-2-functional-requirements#p16,"Srs — 3.2 Functional Requirements
| FR-09.5 | **Offline → Online:** When `sttEngine!=='moonshine'`, any resident Moonshine manager that is NOT actively listening shall be destroyed to release the mic for the native speech recognition plugin. (No need to wait for fully-idle — Moonshine releases the mic between sessions.) Additionally, if `runtime.useMoonshineFallback` is set, it shall be cleared alongside `runtime.nativeSttFailCount` to give the native engine a fresh chance now that the backend has recovered. |
| FR-09.5a | When `sttEngine:'moonshine'`, the Moonshine manager is retained across the offline→online transition because online mode still uses it (no teardown). |
| FR-09.6 | The ERROR overlay shall only be shown when **both** the backend is unreachable **and** the offline RAG is unavailable (not even building). |
| FR-09.7 | A status bar indicator shall toggle between a green ""Connected"" dot and an amber-pulse ""Offline-mode"" dot based on current mode. |

---

#### FR-10: Weather Display

**Priority:** Medium  
**Module:** `app.js`

| ID | Requirement |
|----|-------------|",internal,srs,Srs,1098,Chikku Robotics,techdoc,3.2 Functional Requirements,documentation | srs | 3.2 Functional Requirements,16,20,Chikku_docs/srs.md,markdown,3.2 Functional Requirements
techdoc:srs:3-2-functional-requirements#p17,"Srs — 3.2 Functional Requirements

#### FR-10: Weather Display

**Priority:** Medium  
**Module:** `app.js`

| ID | Requirement |
|----|-------------|
| FR-10.1 | The app shall fetch and display current weather (icon + temperature) in the status bar. |
| FR-10.2 | Weather shall be fetched at boot and refreshed every 30 minutes. |
| FR-10.3 | Weather fetch failure shall be silent — a missing weather display shall not block any other functionality. |

---

#### FR-11: Text Input Fallback

**Priority:** Medium  
**Module:** `app.js`

| ID | Requirement |
|----|-------------|
| FR-11.1 | When offline STT is unavailable (iOS offline mode, or `offlineSTT.enabled: false`), a text-input panel shall be shown. |
| FR-11.2 | The text-input panel shall include a text field and a send button. |
| FR-11.3 | Text submitted via the panel shall follow the same `handleTranscript()` processing pipeline as voice input. |

---

#### FR-12: Filler Bridging (Online Only)

**Priority:** Medium  
**Module:** `app.js`

| ID | Requirement |
|----|-------------|",internal,srs,Srs,1050,Chikku Robotics,techdoc,3.2 Functional Requirements,documentation | srs | 3.2 Functional Requirements,17,20,Chikku_docs/srs.md,markdown,3.2 Functional Requirements
techdoc:srs:3-2-functional-requirements#p18,"Srs — 3.2 Functional Requirements

**Priority:** Medium  
**Module:** `app.js`

| ID | Requirement |
|----|-------------|
| FR-12.1 | When the backend sends an SSE `filler` event, a random sentence from a predefined `FILLER_SENTENCES` list shall be spoken immediately via TTS. |
| FR-12.2 | Filler sentences shall be short, natural bridging phrases (e.g., ""Let me think about that…"", ""One moment please…""). |
| FR-12.3 | When the real `response` arrives, the filler shall be cancelled mid-utterance via the `pendingSpeakRequestId` mechanism. |
| FR-12.4 | Fillers shall only be used in online mode (offline RAG responses are deterministic and fast). |

---

#### FR-13: Session Persistence

**Priority:** Medium  
**Module:** `app.js`

| ID | Requirement |
|----|-------------|
| FR-13.1 | The active `conversation_id` and message count shall be persisted to `localStorage` under the key `chikku_session`. |
| FR-13.2 | The audio volume setting (0–100) shall be persisted to `localStorage` under the key `chikku_volume`. |",internal,srs,Srs,1022,Chikku Robotics,techdoc,3.2 Functional Requirements,documentation | srs | 3.2 Functional Requirements,18,20,Chikku_docs/srs.md,markdown,3.2 Functional Requirements
techdoc:srs:3-2-functional-requirements#p19,"Srs — 3.2 Functional Requirements
| FR-13.2 | The audio volume setting (0–100) shall be persisted to `localStorage` under the key `chikku_volume`. |
| FR-13.3 | Session data shall be restored at boot if the backend is healthy and online. |
| FR-13.4 | Volume shall be restored at boot before any TTS playback. |

---

#### FR-14: Barge-in / Interrupt

**Priority:** High  
**Module:** `app.js`

| ID | Requirement |
|----|-------------|
| FR-14.1 | A barge-in button shall be visible only during the `SPEAKING` state. |
| FR-14.2 | Tapping the barge-in button shall immediately cancel all current flow: abort any in-flight SSE request, stop recording, stop speaking, clear error state. |
| FR-14.3 | After cancellation, a new listening session shall begin immediately. |
| FR-14.4 | `cancelCurrentFlow()` shall be idempotent — a second call within 1 second when nothing is active shall be a no-op (prevents double `stopSpeaking()`). |

---",internal,srs,Srs,939,Chikku Robotics,techdoc,3.2 Functional Requirements,documentation | srs | 3.2 Functional Requirements,19,20,Chikku_docs/srs.md,markdown,3.2 Functional Requirements
techdoc:srs:3-3-performance-requirements#p0,"Srs — 3.3 Performance Requirements
srs — ### 3.3 Performance Requirements
| ID | Requirement | Target |
|----|-------------|--------|
| PR-01 | Wake word detection latency (audio onset → detection callback) | < 500 ms |
| PR-02 | Ding sound playback latency (detection → audio start) | < 100 ms |
| PR-03 | Avatar state change latency (state set → video crossfade start) | < 50 ms |
| PR-04 | Filler sentence TTS start latency (filler event → audio start) | < 100 ms |
| PR-05 | Real response TTS start latency (response event → filler cancel + audio start) | < 200 ms |
| PR-06 | Offline RAG answer latency (query → response text, cold KB) | < 2,000 ms |
| PR-07 | Offline RAG answer latency (query → response text, warm KB) | < 500 ms |
| PR-08 | Boot-to-ready time (app start → wake word active with health resolved) | < 15 s |
| PR-09 | Offline → online switch latency (health returns → STT engine swapped) | < 3 s |
| PR-10 | Online → offline switch latency (health lost → offline RAG available) | Instant (preloaded) |
| PR-11 | TTS warm-up time (silent utterance → TTS engine ready) | < 3 s |",internal,srs,Srs,1099,Chikku Robotics,techdoc,3.3 Performance Requirements,documentation | srs | 3.3 Performance Requirements,0,2,Chikku_docs/srs.md,markdown,3.3 Performance Requirements
techdoc:srs:3-3-performance-requirements#p1,"Srs — 3.3 Performance Requirements
| PR-11 | TTS warm-up time (silent utterance → TTS engine ready) | < 3 s |
| PR-12 | Moonshine model load time (model bytes → ready for streaming) | < 5 s. With `sttEngine:'native'` + online, the load is deferred to first offline/fallback use (lazy), so it does not count toward boot time. |
| PR-13 | MiniLM embedder initialization time | < 5 s |
| PR-14 | ONNX wake word model load time | < 3 s |
| PR-15 | Memory usage (app in IDLE, wake word active, no conversation) | < 300 MB |
| PR-16 | Memory usage (app during active conversation with Moonshine + RAG loaded) | < 600 MB |
| PR-17 | APK size (all models bundled) | < 250 MB |
| PR-18 | Frame rate — avatar video playback | ≥ 24 FPS |
| PR-19 | Frame rate — WebGL canvas rendering | ≥ 30 FPS |

---",internal,srs,Srs,790,Chikku Robotics,techdoc,3.3 Performance Requirements,documentation | srs | 3.3 Performance Requirements,1,2,Chikku_docs/srs.md,markdown,3.3 Performance Requirements
techdoc:srs:3-4-non-functional-requirements#p0,"Srs — 3.4 Non-functional Requirements
srs — ### 3.4 Non-functional Requirements
#### 3.4.1 Reliability

| ID | Requirement |
|----|-------------|
| NFR-01 | The app shall gracefully degrade from online to offline mode without user-visible errors or restarts. |
| NFR-02 | The app shall automatically recover from offline to online mode when the backend becomes reachable. |
| NFR-03 | A single failed backend request shall not crash the app — it shall be retried or fall back to offline RAG. |
| NFR-04 | The app shall survive WebView process death (Android memory pressure) and restore session state from `localStorage`. |
| NFR-05 | The app shall handle `getUserMedia` permission denial gracefully, falling back to text input. |
| NFR-06 | All `setTimeout`/`setInterval` timers shall be tracked in `runtime` and cleared on flow cancellation. |

#### 3.4.2 Usability

| ID | Requirement |
|----|-------------|
| NFR-07 | The app shall require **zero training** for visitors — natural speech interaction only. |",internal,srs,Srs,1011,Chikku Robotics,techdoc,3.4 Non-functional Requirements,documentation | srs | 3.4 Non-functional Requirements,0,4,Chikku_docs/srs.md,markdown,3.4 Non-functional Requirements
techdoc:srs:3-4-non-functional-requirements#p1,"Srs — 3.4 Non-functional Requirements
| NFR-07 | The app shall require **zero training** for visitors — natural speech interaction only. |
| NFR-08 | Visual feedback shall be immediate for every interaction: ding on wake word, avatar state change on listening/speaking, countdown during follow-up. |
| NFR-09 | Error states shall display a clear, friendly message, not a technical stack trace. |
| NFR-10 | The avatar shall provide continuous visual presence — it shall never show a blank/black screen. |
| NFR-11 | Text in the UI shall be large enough to read from 1–3 meters (kiosk-appropriate font sizes). |

#### 3.4.3 Maintainability

| ID | Requirement |
|----|-------------|
| NFR-12 | All tunable behavior shall be configured in `www/js/config.js` (`window.CHIKKU_CONFIG`), not hardcoded. |
| NFR-13 | `app.js` shall be the single source of truth for app state. Sibling modules shall be passive — they expose classes/managers and report via callbacks; they shall not mutate app state. |",internal,srs,Srs,994,Chikku Robotics,techdoc,3.4 Non-functional Requirements,documentation | srs | 3.4 Non-functional Requirements,1,4,Chikku_docs/srs.md,markdown,3.4 Non-functional Requirements
techdoc:srs:3-4-non-functional-requirements#p2,"Srs — 3.4 Non-functional Requirements
| NFR-14 | The knowledge base shall be stored as structured JSON files; embeddings shall be regenerated via `npm run build:kb-embeddings`. |
| NFR-15 | All asset preparation shall be scripted via `npm run` commands; there shall be no manual file-copy steps. |
| NFR-16 | The codebase shall have no build step (no transpiler, bundler, or framework) to minimize toolchain complexity. |

#### 3.4.4 Security

| ID | Requirement |
|----|-------------|
| NFR-17 | The kiosk exit shall be gated by a configurable password. |
| NFR-18 | The app shall not transmit audio data to any third-party service (all wake word and offline STT processing is on-device). |
| NFR-19 | Backend communication shall be limited to the configured `apiBaseUrl` only. |
| NFR-20 | The Android build shall use a release signing configuration (not the debug keystore) for production distribution. |
| NFR-21 | Keystore credentials shall not be stored in version control — they shall be provided via environment variables or a gitignored properties file. |

#### 3.4.5 Compatibility",internal,srs,Srs,1091,Chikku Robotics,techdoc,3.4 Non-functional Requirements,documentation | srs | 3.4 Non-functional Requirements,2,4,Chikku_docs/srs.md,markdown,3.4 Non-functional Requirements
techdoc:srs:3-4-non-functional-requirements#p3,"Srs — 3.4 Non-functional Requirements

#### 3.4.5 Compatibility

| ID | Requirement |
|----|-------------|
| NFR-22 | The app shall run on Android 8.0 (API 26) and above. |
| NFR-23 | The app shall run on iOS 13 and above. |
| NFR-24 | The web app (`www/`) shall be identical across Android and iOS — platform differences shall exist only in `android/` and `ios/`. |
| NFR-25 | Asset filenames shall be case-sensitive-correct for Android's ext4 filesystem. |

---",internal,srs,Srs,463,Chikku Robotics,techdoc,3.4 Non-functional Requirements,documentation | srs | 3.4 Non-functional Requirements,3,4,Chikku_docs/srs.md,markdown,3.4 Non-functional Requirements
techdoc:srs:3-5-platform-specific-requirements#p0,"Srs — 3.5 Platform-specific Requirements
srs — ### 3.5 Platform-specific Requirements
#### 3.5.1 Android

| ID | Requirement |
|----|-------------|
| PS-01 | The Android app shall use Chrome WebView (system-provided). |
| PS-02 | The Android manifest shall declare permissions: `INTERNET`, `RECORD_AUDIO`, `MODIFY_AUDIO_SETTINGS`, `WAKE_LOCK`. |
| PS-03 | Cleartext HTTP traffic shall be permitted for LAN backend access (`android:usesCleartextTraffic=""true""`). |
| PS-04 | `minSdkVersion` shall be 26 (required by Moonshine Voice SDK). |
| PS-05 | The custom `MoonshineSttPlugin` shall be registered in `MainActivity.onCreate()` **before** `super.onCreate()`. |
| PS-06 | The Moonshine Voice SDK dependency (`ai.moonshine:moonshine-voice:0.0.69`) shall be resolved from Maven Central. |
| PS-07 | Native libraries (`libmoonshine.so`, `libonnxruntime.so`) shall be bundled for `arm64-v8a`, `armeabi-v7a`, and `x86_64` architectures. |

#### 3.5.2 iOS

| ID | Requirement |
|----|-------------|
| PS-08 | `Info.plist` shall include `NSMicrophoneUsageDescription` with a user-facing explanation. |",internal,srs,Srs,1095,Chikku Robotics,techdoc,3.5 Platform-specific Requirements,documentation | srs | 3.5 Platform-specific Requirements,0,2,Chikku_docs/srs.md,markdown,3.5 Platform-specific Requirements
techdoc:srs:3-5-platform-specific-requirements#p1,"Srs — 3.5 Platform-specific Requirements
| PS-08 | `Info.plist` shall include `NSMicrophoneUsageDescription` with a user-facing explanation. |
| PS-09 | `Info.plist` shall include `NSSpeechRecognitionUsageDescription` with a user-facing explanation. |
| PS-10 | The Capacitor SpeechRecognition plugin shall be used for online STT (iOS Safari lacks Web Speech API). |
| PS-11 | Offline STT (Moonshine) is **not available** on iOS; the text-input panel shall be the fallback in offline mode. |

---",internal,srs,Srs,496,Chikku Robotics,techdoc,3.5 Platform-specific Requirements,documentation | srs | 3.5 Platform-specific Requirements,1,2,Chikku_docs/srs.md,markdown,3.5 Platform-specific Requirements
techdoc:srs:revision-history,"srs — ## Revision History
| Version | Date | Author | Changes |
|---------|------|--------|---------|
| 1.0.0 | 2026-07-28 | — | Initial SRS document. |",internal,srs,Srs,152,Chikku Robotics,techdoc,Revision History,documentation | srs | Revision History,0,1,Chikku_docs/srs.md,markdown,Revision History
techdoc:troubleshooting:troubleshooting-known-issues,"troubleshooting — # Troubleshooting & known issues
> ⚠️ **Thay đổi so với bản cũ:**
> - Sửa ""Android online should use Web Speech"" + ""offlineSTT.enabled:false"" — sai với config hiện tại (`sttEngine:'moonshine'` + `enabled:true`).
> - Sửa log prefix `[NETWORK]` → `[HEALTH]` (code dùng `[HEALTH]` cho online/offline transitions).
> - Bổ sung log prefixes thiếu: `[SESSION]`, `[EXIT]`, `[MIC]`, `[FILLER]`, `[FLOW]`, `[BARGE-IN]`, `[WAKE-LOCK]`.
> - Các known issues (iOS plist, release signing, localStorage, 'base' model) đã verify vẫn còn đúng.

Debug cheatsheet plus the gaps flagged during the docs review.",internal,troubleshooting,Troubleshooting,609,Chikku Robotics,techdoc,Troubleshooting & known issues,documentation | troubleshooting | Troubleshooting & known issues,0,1,Chikku_docs/troubleshooting.md,markdown,Troubleshooting & known issues
techdoc:troubleshooting:known-issues,"troubleshooting — ## Known issues
These are real discrepancies between the code and the (intended) documented
behaviour. They don't block the Android production build but should be tracked.",internal,troubleshooting,Troubleshooting,189,Chikku Robotics,techdoc,Known issues,documentation | troubleshooting | Known issues,0,1,Chikku_docs/troubleshooting.md,markdown,Known issues
techdoc:troubleshooting:ios-missing-permission-strings,"troubleshooting — ### iOS missing permission strings
`ios/App/App/Info.plist` is missing `NSMicrophoneUsageDescription` and
`NSSpeechRecognitionUsageDescription`. iOS will **crash** the moment the mic or
SpeechRecognition is accessed. `SETUP.md` claims they are added automatically —
they are not.

**Fix:** add to `Info.plist` before any iOS build:
```xml
<key>NSMicrophoneUsageDescription</key>
<string>Chikku listens to your voice to answer questions.</string>
<key>NSSpeechRecognitionUsageDescription</key>
<string>Chikku transcribes your speech to answer questions.</string>
```",internal,troubleshooting,Troubleshooting,583,Chikku Robotics,techdoc,iOS missing permission strings,documentation | troubleshooting | iOS missing permission strings,0,1,Chikku_docs/troubleshooting.md,markdown,iOS missing permission strings
techdoc:troubleshooting:android-release-signing,"troubleshooting — ### Android release signing
`android/app/build.gradle` has no `signingConfigs { release {…} }` block, so
`./gradlew assembleRelease` falls back to the **debug keystore**. Fine for
internal testing; not for Play Store / production distribution.

**Fix:** add a release signing config and reference it from `buildTypes.release`:
```gradle
android {
    signingConfigs {
        release {
            storeFile file(System.env.KEYSTORE_PATH ?: ""release.keystore"")
            storePassword System.env.KEYSTORE_PASSWORD
            keyAlias System.env.KEY_ALIAS
            keyPassword System.env.KEY_PASSWORD
        }
    }
    buildTypes {
        release {
            signingConfig signingConfigs.release
            // ...
        }
    }
}
```
(Keep keystore credentials out of git — env vars or a gitignored properties file.)",internal,troubleshooting,Troubleshooting,847,Chikku Robotics,techdoc,Android release signing,documentation | troubleshooting | Android release signing,0,1,Chikku_docs/troubleshooting.md,markdown,Android release signing
techdoc:troubleshooting:session-storage-uses-localstorage-not-capacitor-preferences,"troubleshooting — ### Session storage uses `localStorage`, not Capacitor Preferences
`@capacitor/preferences` is declared in `package.json` but `app.js` persists
session/volume to `window.localStorage` instead. This works on both platforms
but isn't the recommended cross-platform approach (localStorage can be cleared
by the WebView under storage pressure; Preferences is more durable).

**Affected:** `chikku_session`, `chikku_volume` keys.
**To migrate:** swap `getSession`/`saveSession`/`getStoredVolume`/`persistVolume`
in `app.js` to use `Preferences.get`/`set` (async — boot restore would need to
await). Low priority until a durability bug is observed.",internal,troubleshooting,Troubleshooting,660,Chikku Robotics,techdoc,"Session storage uses `localStorage`, not Capacitor Preferences","documentation | troubleshooting | Session storage uses `localStorage`, not Capacitor Preferences",0,1,Chikku_docs/troubleshooting.md,markdown,"Session storage uses `localStorage`, not Capacitor Preferences"
techdoc:troubleshooting:moonshine-model-mismatch-with-config-comment,"troubleshooting — ### Moonshine model mismatch with config comment
`CHIKKU_CONFIG.offlineSTT.moonshineModel` defaults to `'base'`, which is the
**non-streaming** model (transcribes a finished buffer). If you want the
real-time streaming experience the docs describe, switch to `'tiny'`, `'small'`,
or `'medium'` and re-stage with `MOONSHINE_MODEL=<name> npm run prepare:moonshine`.

---",internal,troubleshooting,Troubleshooting,386,Chikku Robotics,techdoc,Moonshine model mismatch with config comment,documentation | troubleshooting | Moonshine model mismatch with config comment,0,1,Chikku_docs/troubleshooting.md,markdown,Moonshine model mismatch with config comment
techdoc:troubleshooting:debug-cheatsheet,troubleshooting — ## Debug cheatsheet,internal,troubleshooting,Troubleshooting,37,Chikku Robotics,techdoc,Debug cheatsheet,documentation | troubleshooting | Debug cheatsheet,0,1,Chikku_docs/troubleshooting.md,markdown,Debug cheatsheet
techdoc:troubleshooting:app-stuck-in-error-overlay,"troubleshooting — ### App stuck in ERROR overlay
- Backend unreachable **and** offline RAG failed to build. Check:
  - `config.js:apiBaseUrl` reachable from the device?
  - `embeddings.json` + KB JSONs present in `assets/knowledge_base/`?
  - Console logs: `[BOOT]`, `[OFFLINE-RAG]`.
- The overlay clears automatically when health returns (8 s poll) **and** RAG
  is ready.",internal,troubleshooting,Troubleshooting,373,Chikku Robotics,techdoc,App stuck in ERROR overlay,documentation | troubleshooting | App stuck in ERROR overlay,0,1,Chikku_docs/troubleshooting.md,markdown,App stuck in ERROR overlay
techdoc:troubleshooting:wake-word-never-fires,"troubleshooting — ### Wake word never fires
- `wakeword.enabled` true? `keywordModelFile` case matches the on-disk file
  exactly on Android (`Hi_chikku.onnx`, lowercase `c`)?
- ORT wasm present at `assets/ort/`? Model at `assets/model/`?
- Wake word needs a **user gesture** before it starts listening (autoplay
  policy). Tap the screen once after boot.
- Wakeword is **paused** during TTS and the follow-up window — that's intended.
- Bump `wakeword.debug: true` and watch `[WAKEWORD]` score logs.",internal,troubleshooting,Troubleshooting,500,Chikku Robotics,techdoc,Wake word never fires,documentation | troubleshooting | Wake word never fires,0,1,Chikku_docs/troubleshooting.md,markdown,Wake word never fires
techdoc:troubleshooting:wrong-stt-backend-active,"troubleshooting — ### Wrong STT backend active
- **Cấu hình mặc định:** `sttEngine:'moonshine'` + `offlineSTT.enabled:true` →
  app dùng **Moonshine cho cả online + offline**. Nếu bạn thấy log
  `[STT] using offline Moonshine streaming` khi online → đó là đúng, không phải bug.
- Nếu muốn online dùng SpeechRecognition plugin (Google cloud) → set
  `sttEngine:'native'` trong `config.js`. Khi đó:
  - Online healthy → native plugin dùng, Moonshine **không** load tại boot.
  - Offline → Moonshine lazy-load (cloud STT cần network).
  - Native plugin fail start nhiều lần → auto fallback sang Moonshine (xem bên dưới).
- **iOS** chưa build được do thiếu permission strings (xem known issue trên).
- `offlineSTT.enabled:false` → Moonshine **không** load trong mọi trường hợp;
  offline mode sẽ fallback text-input panel. (Hiện đang `true`.)",internal,troubleshooting,Troubleshooting,838,Chikku Robotics,techdoc,Wrong STT backend active,documentation | troubleshooting | Wrong STT backend active,0,1,Chikku_docs/troubleshooting.md,markdown,Wrong STT backend active
techdoc:troubleshooting:native-stt-can-t-acquire-mic-moonshine-chi-m-mic-fixed#p0,"Troubleshooting — Native STT can't acquire mic / ""Moonshine chiếm mic"" (FIXED)
troubleshooting — ### Native STT can't acquire mic / ""Moonshine chiếm mic"" (FIXED)
**Triệu chứng:** `sttEngine:'native'`, nhưng native SpeechRecognition lỗi
(`audio_capture`/`recognizer_busy`), hoặc Moonshine vẫn log
`[moonshine] streaming started` dù đang online.

**Nguyên nhân gốc (đã fix):** Boot detect offline tạm thời (backend cold-start) →
Moonshine preload → giữ native AudioRecord → khi backend lên lại, teardown bị
skip vì không ""fully idle"" → native STT không lấy được mic.

**Fix:**
1. `shouldUseMoonshineSTT()` giờ chỉ force Moonshine khi **thực sự** offline, không
   phải ""offline-mode boot tạm thời"" nếu `sttEngine:'native'` + online.
2. Nhánh native trong `startRecording()` tear down Moonshine resident (nếu không
   đang listen) ngay trước khi native plugin start.
3. `applyBackendHealth()` offline→online teardown điều kiện nới lỏng: chỉ cần
   Moonshine **không đang listen** (không cần fully-idle).
4. Native STT start-failure ≥ `NATIVE_STT_FAIL_THRESHOLD` (2) → auto fallback",internal,troubleshooting,Troubleshooting,1078,Chikku Robotics,techdoc,"Native STT can't acquire mic / ""Moonshine chiếm mic"" (FIXED)","documentation | troubleshooting | Native STT can't acquire mic / ""Moonshine chiếm mic"" (FIXED)",0,2,Chikku_docs/troubleshooting.md,markdown,"Native STT can't acquire mic / ""Moonshine chiếm mic"" (FIXED)"
techdoc:troubleshooting:native-stt-can-t-acquire-mic-moonshine-chi-m-mic-fixed#p1,"Troubleshooting — Native STT can't acquire mic / ""Moonshine chiếm mic"" (FIXED)
4. Native STT start-failure ≥ `NATIVE_STT_FAIL_THRESHOLD` (2) → auto fallback
   sang Moonshine (`useMoonshineFallback`).

**Debug:** bật `debug:true` trong config, theo dõi log `[STT] native start failure`,
`[STT] releasing resident Moonshine manager`, `[HEALTH] online again — releasing
offline STT manager`.",internal,troubleshooting,Troubleshooting,389,Chikku Robotics,techdoc,"Native STT can't acquire mic / ""Moonshine chiếm mic"" (FIXED)","documentation | troubleshooting | Native STT can't acquire mic / ""Moonshine chiếm mic"" (FIXED)",1,2,Chikku_docs/troubleshooting.md,markdown,"Native STT can't acquire mic / ""Moonshine chiếm mic"" (FIXED)"
techdoc:troubleshooting:stt-native-recognition-error-capacitorexception-no-match-fix#p0,"Troubleshooting — `[STT] native recognition error: CapacitorException: No match` (FIXED)
troubleshooting — ### `[STT] native recognition error: CapacitorException: No match` (FIXED)
**Triệu chứng:** Console spam `console.error` với `CapacitorException: No match`
khi user im lặng hoặc nói không rõ. Có thể kèm auto-fallback **sai** sang
Moonshine sau 2 lần.

**Đây là behavior bình thường bị log sai + phân loại sai.** `""No match""` là
Android `ERROR_NO_MATCH` — recognizer chạy xong nhưng không khớp gì, tương đương
user im lặng. KHÔNG phải lỗi nghiêm trọng.

**Nguyên nhân gốc (đã fix):**
1. `.catch` log `console.error` cho mọi rejection → kết quả bình thường trông
   như crash. Giờ `classifyNativeSttError()` phân loại trước; `'no-input'` →
   `console.log`, `'start-failure'` → `console.error`.
2. **Bug nghiêm trọng trong classifier cũ:** chỉ check `no_match` (underscore)
   nhưng message thực là `""No match""` (dấu cách, mixed case) → không khớp → bị
   fail-safe thành `'start-failure'` → tăng counter → 2 lần silent = fallback
   sai sang Moonshine.",internal,troubleshooting,Troubleshooting,1058,Chikku Robotics,techdoc,`[STT] native recognition error: CapacitorException: No match` (FIXED),documentation | troubleshooting | `[STT] native recognition error: CapacitorException: No match` (FIXED),0,2,Chikku_docs/troubleshooting.md,markdown,`[STT] native recognition error: CapacitorException: No match` (FIXED)
techdoc:troubleshooting:stt-native-recognition-error-capacitorexception-no-match-fix#p1,"Troubleshooting — `[STT] native recognition error: CapacitorException: No match` (FIXED)
   fail-safe thành `'start-failure'` → tăng counter → 2 lần silent = fallback
   sai sang Moonshine.
3. Classifier mới: strip prefix `CapacitorException: `, lowercase, collapse
   separators (space/underscore/hyphen), search thay vì anchor → khớp mọi
   variant (`""No match""`, `no_match`, `nomatch`, `NO MATCH`, …). Unknown /
   empty vẫn fail-safe `'start-failure'` (kiosk phải responsive).
4. `'no-input'` outcome giờ **reset** counter (1 glitch + 1 silent không tích lũy).

**Debug:** log giờ sẽ hiện `[STT] native no-input outcome: No match` (info, không
phải error). Nếu vẫn thấy `[STT] native start failure` cho message `""No match""` →
classifier bị regress, kiểm tra `classifyNativeSttError` (app.js:1427).",internal,troubleshooting,Troubleshooting,801,Chikku Robotics,techdoc,`[STT] native recognition error: CapacitorException: No match` (FIXED),documentation | troubleshooting | `[STT] native recognition error: CapacitorException: No match` (FIXED),1,2,Chikku_docs/troubleshooting.md,markdown,`[STT] native recognition error: CapacitorException: No match` (FIXED)
techdoc:troubleshooting:tts-silent-choppy-on-first-answer,"troubleshooting — ### TTS silent / choppy on first answer
- Boot warm-up (`CapacitorTTS.speak({text:'.',volume:0})`) forces the 1–3 s
  Android TTS engine init. If the launch greeting is choppy, the warm-up may
  have been skipped — check `runLoading` phase 2 ran.
- `speak()` flips the avatar to SPEAKING ~200 ms **before** starting audio to
  avoid video stutter. If you reorder this, the 4K decoder starves.",internal,troubleshooting,Troubleshooting,410,Chikku Robotics,techdoc,TTS silent / choppy on first answer,documentation | troubleshooting | TTS silent / choppy on first answer,0,1,Chikku_docs/troubleshooting.md,markdown,TTS silent / choppy on first answer
techdoc:troubleshooting:offline-rag-answers-are-wrong-too-generic,"troubleshooting — ### Offline RAG answers are wrong / too generic
See [offline-rag.md → Tuning cheatsheet](offline-rag.md#tuning-cheatsheet).
Most common: `cosineThreshold` too low (confident wrong answers) or too high
(too many clarifications).",internal,troubleshooting,Troubleshooting,245,Chikku Robotics,techdoc,Offline RAG answers are wrong / too generic,documentation | troubleshooting | Offline RAG answers are wrong / too generic,0,1,Chikku_docs/troubleshooting.md,markdown,Offline RAG answers are wrong / too generic
techdoc:troubleshooting:intent-examples-drift,"troubleshooting — ### `INTENT_EXAMPLES` drift
If a paraphrase that should match an identity intent doesn't, and you recently
edited `intent.js:INTENT_EXAMPLES`, you forgot the matching edit in
`scripts/build-kb-embeddings.mjs` + rebuild. Run:
```bash
npm run build:kb-embeddings && npm run test:offline-rag
```",internal,troubleshooting,Troubleshooting,310,Chikku Robotics,techdoc,`INTENT_EXAMPLES` drift,documentation | troubleshooting | `INTENT_EXAMPLES` drift,0,1,Chikku_docs/troubleshooting.md,markdown,`INTENT_EXAMPLES` drift
techdoc:troubleshooting:avatar-video-not-appearing,"troubleshooting — ### Avatar video not appearing
- `renderMode: 'canvas'` requires the videos to be **green-screen** MP4s (the
  WebGL shader chroma-keys green to transparent). Plain videos won't work.
- Filenames are **case-sensitive on Android**. Verify the path in
  `avatar.videoSources.*` matches exactly.",internal,troubleshooting,Troubleshooting,310,Chikku Robotics,techdoc,Avatar video not appearing,documentation | troubleshooting | Avatar video not appearing,0,1,Chikku_docs/troubleshooting.md,markdown,Avatar video not appearing
techdoc:troubleshooting:moonshine-loads-but-never-emits-finals,"troubleshooting — ### Moonshine loads but never emits finals
- `moonshineModel: 'base'` is **non-streaming** — it transcribes a finished
  buffer, so partials are rare. Use a streaming model (`tiny`/`small`/`medium`)
  for real-time behaviour.
- Very noisy environment? `maxRecordingMs` (30 s) is the safety auto-stop.",internal,troubleshooting,Troubleshooting,318,Chikku Robotics,techdoc,Moonshine loads but never emits finals,documentation | troubleshooting | Moonshine loads but never emits finals,0,1,Chikku_docs/troubleshooting.md,markdown,Moonshine loads but never emits finals
techdoc:troubleshooting:build-fails-after-adding-a-plugin,"troubleshooting — ### Build fails after adding a plugin
- Run `npm run sync` (not just `cap sync`) — it regenerates
  `capacitor.plugins.json` and `capacitor.settings.gradle`.
- Custom Android plugin not visible in JS? It must be `registerPlugin()`-ed in
  `MainActivity.onCreate()` **before** `super.onCreate()` (Capacitor 5 gotcha).

---",internal,troubleshooting,Troubleshooting,339,Chikku Robotics,techdoc,Build fails after adding a plugin,documentation | troubleshooting | Build fails after adding a plugin,0,1,Chikku_docs/troubleshooting.md,markdown,Build fails after adding a plugin
techdoc:troubleshooting:useful-log-prefixes#p0,"Troubleshooting — Useful log prefixes
troubleshooting — ## Useful log prefixes
grep these in `adb logcat` (Android) or Safari Web Inspector (iOS):

| Prefix | Source |
|--------|--------|
| `[BOOT]` | boot sequence, health check (app.js runLoading) |
| `[WAKEWORD]` | wake word engine (wakeword-manager + app.js) |
| `[TTS]` | speech output (app.js speak/stopSpeaking) |
| `[STT]` | speech recognition (app.js + offline-stt) |
| `[OFFLINE-RAG]` | offline RAG pipeline (app.js getOfflineRAG + offline-rag/) |
| `[OFFLINE-STT]` | Moonshine STT manager lifecycle (offline-stt/index.js) |
| `[moonshine]` | Moonshine native bridge (moonshine-native.js) |
| `[VOICE]` | voice stream SSE (api-client.js chatVoice) |
| `[FILLER]` | filler bridging speech (app.js speakFiller) |
| `[WEATHER]` | weather poll (app.js fetchWeather) |
| `[HEALTH]` | online/offline transitions (app.js applyBackendHealth) |
| `[SESSION]` | conversation session timers (app.js follow-up/idle) |
| `[MIC]` | mic permission + start/stopRecording (app.js) |
| `[FLOW]` | cancelCurrentFlow teardown (app.js) |",internal,troubleshooting,Troubleshooting,1076,Chikku Robotics,techdoc,Useful log prefixes,documentation | troubleshooting | Useful log prefixes,0,2,Chikku_docs/troubleshooting.md,markdown,Useful log prefixes
techdoc:troubleshooting:useful-log-prefixes#p1,"Troubleshooting — Useful log prefixes
| `[MIC]` | mic permission + start/stopRecording (app.js) |
| `[FLOW]` | cancelCurrentFlow teardown (app.js) |
| `[BARGE-IN]` | barge-in button (app.js) |
| `[EXIT]` | app exit cleanup (app.js performExit) |
| `[WAKE-LOCK]` | screen wake lock (app.js) |

> *(Bản cũ ghi `[NETWORK]` cho online/offline transitions — sai, code dùng `[HEALTH]`.)*

Set `CHIKKU_CONFIG.debug: true` to unsuppress non-prefixed logs.

---",internal,troubleshooting,Troubleshooting,452,Chikku Robotics,techdoc,Useful log prefixes,documentation | troubleshooting | Useful log prefixes,1,2,Chikku_docs/troubleshooting.md,markdown,Useful log prefixes
techdoc:troubleshooting:testing-locally,"troubleshooting — ## Testing locally
| Command | What it does |
|---------|--------------|
| `npm run test:offline-rag` | 15-query RAG smoke test (Node). Must be 15/15 pass. |
| `npm run test:web:mic` | Playwright-driven mic test against `www/` in Chromium. |
| `npm run sync` | Re-stage all assets + `cap sync` — run after any `www/` edit. |

For live device debugging, `adb logcat | grep -E ""WAKEWORD\|TTS\|STT\|BOOT""`
covers most of the voice loop.",internal,troubleshooting,Troubleshooting,451,Chikku Robotics,techdoc,Testing locally,documentation | troubleshooting | Testing locally,0,1,Chikku_docs/troubleshooting.md,markdown,Testing locally
